hypothesis,idx,label,premise
V Iraku našli orožja za množično uničevanje.,0,not_entailment,Doslej v Iraku še niso našli orožij za množično uničevanje.
Papež Benedikt XVI. je novi vodja Rimskokatoliške cerkve.,1,entailment,"Kraj žalosti po smrti papeža Janeza Pavla II je postal kraj praznovanja, ko so se rimokatoliki zbrali v središču Chicaga, da bi obeležili ustoličenje novega papeža Benedikta XVI."
Herceptin se lahko uporabi za zdravljenje raka na prsih.,2,entailment,"Herceptin je bil že potrjen za zdravljenje najbolj bolnih pacientov z rakom na prsih in v ponedeljek so na podjetju povedali, da se bodo z zveznimi regulatorji pogovarjali o možnosti, da bi zdravilo predpisali še več bolnikom z rakom na prsih."
Prejšnje ime mesta Ho Ši Minh je bilo Sajgon.,3,entailment,"Judie Vivian, izvršna direktorica ProMedice, podjetje medicinske pomoči, ki pomaga vzdrževati 2-letni Vietnamski srčni inštitut v mestu Ho Ši Minh (nekdaj Sajgon), je dejala, da je bilo doslej zdravljenih okrog 1.500 otrok."
"Paula Stewarta Hutchinsona so obtožili, da je zabodel dekle.",4,not_entailment,"Pred sodišče bo stopil moški obtožen umora najstnice, ki se je zgodil 26 let nazaj in je bil prvi primer, ki so ga predstavili na oddaji Crimewatch, ki jo predvaja BBC One. Colette Aram, 16, je izginila 30. oktobra 1983, ko je bila na poti v hišo svojega fanta v Keyworthu v okrožju Nottinghamshire. Njeno telo so pozneje našli na polju v bližini njenega doma. Paul Stewart Hutchinson, 50, ki so ga obtožili umora, bo pred sodišče stopil v Nottinghamu."
"Bakrija so na kratko zadržali, vendar so ga pozneje izpustili.",5,entailment,"Velika Britanija je v petek sporočila, da je muslimanskemu kleriku Omarju Bakriju prepovedala vrnitev v državo iz Libanona, kjer ga je policija zadržala 24 ur in nato izpustila."
Tri četrtine nezakonitih priseljencev v ZDA ima otroke.,6,not_entailment,"Rezultati raziskave, ki jo je izvedel Pew Hispanic Center, kažejo, da se je v ZDA rodilo skoraj 4 milijone otrok, ki imajo vsaj enega starša, ki je se je nezakonito priselil v ZDA; ker so rojeni v ZDA, imajo ti otroci ameriško državljanstvo. Študija trdi, da ta številka predstavlja tri četrtine od ocenjenih 5,5 milijonov otrok nezakonitih priseljencev v ZDA. Raziskava je ugotovila, da okoli 1,8 milijona otrok nedokumentiranih priseljencev živi v revščini."
Aristide je naročil umor premierja Roberta Malvala v prestolnici Port-au-Prince.,7,not_entailment,"Podobno kot Združene države so tudi uradniki Združenih narodov zgroženi, da je Aristide zatrl konferenco, ki jo je sklical premier Robert Malval v prestolnici Port-au-Prince v upanju, da bo pod isto streho spravil vse sprte strani."
Dick Cheney je bil Bushev podpredsednik.,8,entailment,"WASHINGTON --  Besedilo priporočila Busheve administracije agenciji CIA glede uporabe sile pri zasliševanju, s katerega so nedavno umaknili oznako tajnosti, razkriva, da majhna skupina odvetnikov s pravosodnega ministrstva, ki je napisala okrožnice, ki so dovolile sporne metode zasliševanja, ni delovala na lastno pest, temveč po navodilih najvišjih uradnikov iz administracije, vključno s tedanjim podpredsednikom Dickom Cheneyjem in svetovalko za državno varnost, Condoleezzo Rice. Besedilo obenem kaže na to, da tedanji obrambni minister, Donald H. Rumsfeld, in državni sekretar, Colin Powell, večinoma nista sodelovala pri prinašanju odločitev."
Microsoftov Hotmail je povečal kapaciteto za shranjevanje na 250MB.,9,entailment,"Samo teden zatem, ko Microsoft ni želel komentirati, ali bo povečal kapaciteto za shranjevanje na svoji e-poštni storitvi, Hotmailu, je zgodaj v četrtek Microsoft oznanil, da bo povečal kapaciteto na 250MB in s tem sledil zgledu tekmecev, kot so Google, Yahoo in Lycos."
Starši Line Joy so iz Malezije.,10,entailment,"42-letna Lina Joy se je malajskim staršem rodila kot Azlina Jailani in bila vzgajana v muslimanko. Malezijska ustava zagotavlja versko svobodo, a po zakonu so vsi etnični Malajci muslimani. Joy se je pri šestindvajsetih letih spreobrnila v krščanstvo in po nekaj birokratskih zapletih ji je leta 1999 uspelo uradno spremeniti ime. Vseeno pa ji je Državni oddelek za matične zadeve na osebni izkaznici MyKad kot izraženo vero ohranil islam. Državni oddelek za matične zadeve je izjavil, da bi morala Joy na muslimanskem šeriatskem sodišču pridobiti potrdilo o apostaziji, če želi spremeniti vero."
Berlinski zid so porušili leta 1989.,11,entailment,"9. november 1989 je dan, ko je padel Berlinski zid in se je svet za vedno spremenil. Tega niso pričakovali niti najbolj prebrisani. Kot madžarski zunanji minister je Gyula Horn pozno poleti 1989 dovolil vzhodnonemškim obiskovalcem, da preko Madžarske naredijo dobrih 600 kilometrov dolg ovinek okoli Berlinskega zidu (v zahodno Nemčijo); to dejanje mnogi razumejo kot začetek konca trdega komunizma v Evropi."
Valero Energy Corp. proizvede 250.000 sodčkov dnevno.,12,entailment,"Na Valero Energy Corp. so v ponedeljek povedali, da so odkrili »obsežno« dodatno škodo na rafineriji Port Arthur, kjer proizvedejo 250.000 sodčkov na dan."
Cene nafte rastejo.,13,not_entailment,Cene nafte se umirjajo po umiku Jukosove naftne grožnje
"Podajalec je vrgel za 413 jardov in tri touchdowne, nato pa še dvakrat stekel v končno cono.",14,not_entailment,"Brian Brohm, podajalec iz Louisvilla, je vrgel za 368 jardov in pet touchdownov, ko so Cardinals premagali gostujočo ekipo Oregon State s 63-27."
Greg Page je bil prvak v WBA.,15,entailment,"Greg Page, nekdanji boksarski prvak v težki kategoriji, ki je leta 2001 v dvoboju utrpel hudo možgansko poškodbo, je umrl, star 50 let. Njegova žena Patricia je povedala, da je enkratni prvak WBA umrl na domu v Kentuckyju v ZDA za posledicami zapletov, ki so jih povzročile poškodbe, ki jih je utrpel v dvoboju. Page je bil po dvoboju z 9. marca 2001 protu Daleu Crowu, ki so ga prekinili v 10. rundi, teden dni v komi. Patricia Page je dejala, da mu je »bolje, kjer je sedaj« po tem, ko je v ponedeljek povedala, da je ponoči umrl v spanju."
Sierra je nekoč dosegla finale »Ameriškega idola«.,16,not_entailment,"Sierra bo do zaslišanja 20. decembra najverjetneje ostala v zaporu Hillsborough County jail v domači Tampi, kjer je priprta brez varščine, zaradi česar se v petek tako ali tako ne bi mogla udeležiti dogodka v Washingtonu, tudi če bi še imela dovoljenje za nastop. Sierra je v ječi od začetka meseca, ko se je pred nočnim klubom v Tampi, od koder so jo vrgli ven, sprla s policisti. Čakajo jo obtožbe pijanosti in razgrajanja ter upiranja aretaciji."
v zgodnjih devetdesetih prejšnjega stoletja so v Braziliji pričeli z ukrepi za reševanje deževnega gozda.,17,not_entailment,"Od leta 1987 pa je Brazilija pričela sprejemati ukrepe, da bi radikalno zmanjšali uničenje; ti so vključevali poostren nadzor in odpravo davčnih olajšav, ki so privedle do obsežnih čiščenj zemljišč."
Sepp Blatter je predsednik Fife.,18,entailment,"FIFA je prejela 11 ponudb za prirejanje Fifinih svetovnih prvenstev 2018 in 2022, mednarodnih nogometnih tekmovanj, ki se jih udeležijo moške državne reprezentance. Države, ki se potegujejo, da bi gostile prvenstvi, so Avstralija, Anglija, Indonezija, Japonska, Mehika, Katar, Rusija, Južna koreja in Združene države Amerike s posamičnimi ponudbami, skupni ponudbi pa sta oddala para Belgija-Nizozemska in Španija-Portugalska.  Izbrane ponudbe so za prvenstvi 2018 in 2022, dve ponudbi pa le za prvenstvo 2022. Katar in Južna Koreja se potegujeta le za prvenstvo leta 2022. Zmagovalni ponudbi bo 24-članski izvršni komite Fife izbral v decembru 2010.  Predsednik Fife Sepp Blatter je ob tem povedal: »Zelo smo zadovoljni s fantastičnim nivojem zanimanja za naše vodilno tekmovanje, vsi začetni ponudniki pa so tudi potrdili svojo kandidaturo.«"
"Cena ameriškega surovega lahkega olja se je na koncu spustila za 1,32 dolarja na 42,83 dolarja za sodček.",19,not_entailment,"Ameriško surovo olje je končalo 1,32 $ nižje na 42,83 $ za sodček."
Leta 2002 je blizu Stuttgarta fant ustrelil 16 ljudi.,20,not_entailment,"WINNENDEN, Nemčija • V sredo je najstniški strelec ubil 15 ljudi, večino žensk, v morilskem pohodu, ki se je začel na šoli blizu Stuttgarta na jugu Nemčije, končal pa v bližnjem mestu, kjer se je nato ubil po tem, ko ga je policija ranila. Po napadu je Nemčija, ki je po podobnem napadu v šoli pred sedmimi leti poostrila strog nadzor nad orožjem, v šoku in težko razume razdejanje, ki jo je znova zadelo, saj gre za državo, ki ima relativno malo nasilnega kriminala. Leta 2002 je strelec v šoli v Erfurtu na vzhodu Nemčije ubil 16 ljudi, preden je ubil še sebe."
Narodni park Everglades se nahaja na Floridi.,21,not_entailment,"Veliko je odvisnega od prodaje deležev Talismana v okrožjih Palm Beach in Hendry, kar je podpredsednik Al Gore z veliko pompa oznanil prejšnje leto ob 50. obletnici narodnega parka Everglades."
Steklina je usodna za človeka.,22,entailment,"Virus stekline prizadene osrednji živčni sistem ter povzroči encefalopatijo in nazadnje smrt. Zgodnji simptomi stekline pri človeku niso specifični, mednje pa sodijo vročina, glavobol in splošno slabo počutje."
PM je pogosto vstopil na tržišča tako s cigaretami kot s hrano.,23,not_entailment,"Ameriška tobačna podjetja so večino četrtletij prikazovala dobiček zaradi izvozne prodaje cigaret in diverzifikacije izdelkov za prodajo, vključno s hrano."
Ljudje so obstajali pred 10.000 leti.,24,entailment,"Razvoj kmetijstva s strani zgodnjih ljudi pred približno 10.000 leti je škodil tudi mnogim naravnim ekosistemom, saj so jih sistematično uničevali in zamenjevali z umetnimi različicami."
Pibul je bil mlad voditelj.,25,entailment,"Dva mlada voditelja prevrata, Pibul Songgram in Pridi Phanomyang, ki sta bila oba izobražena v Evropi in pod vplivom zahodnjaških idej, sta v sledečih letih postala vodilna v tajski politiki."
Lin Piao je napisal »Malo rdečo knjižico«.,26,entailment,Lin Piao je bil konec koncev ustvarjalec Maove »Male rdeče knjižice« citatov.
Bakterije zmagujejo v boju z antibiotiki.,27,not_entailment,"Ko bolniki prekinejo terapijo antibiotikov, se preživele bakterije vrnejo v še večji meri kot prej, pogosto pa hitro mutirajo, da postanejo odporne na terapijo."
Uvedba evra je naletela na nasprotovanje.,28,entailment,"Bundesbank je uvodoma nasprotovala uvedbi evra, a je bila v luči političnega pritiska kapitalističnih politikov, ki so podpirali njegovo uvedbo, to primorana sprejeti."
Vladne čete so ubile tri upornike.,29,entailment,"Tiskovni komite oboroženih sil (COPREFA) je priznal, da so vladne čete v treh spopadih utrpele 11 žrtev, in dodal, da so pri upornikih povzročili tri žrtve."
Legalizacija drog prinaša koristi.,30,entailment,"Ena gospodarska študija še ne bo podlaga kanadskih odločitev glede javne politike, a Eastonova raziskava vendarle z gotovostjo ugotavlja, da ima legalizacija marihuane gospodarske koristi."
Na jugu Kaira je bilo najdenih 30 odlično ohranjenih mumij.,31,entailment,"Arheologi so našli približno 30 odlično ohranjenih mumij v 4.000 let stari egipčanski nekropoli, v kateri je bilo 53 grobnic. Ekipa dr. Abdel-Rahmana El-Ayedija, nadzornika za starine za Srednji Egipt, je to arheološko najdišče odkrila v oazi Faiyum blizu egipčanske piramide El-Lahun, nekoliko južno od Kaira. Poleg mumij je ekipa v mrliški kapeli našla maske, amulete, lončeno posodo in mizo za daritve. Kapela datira med leti 30 pr. n. št. in 337 n. št."
Aspirin preprečuje gastrointestinalne krvavitve.,32,not_entailment,"Gastrointestinalne krvavitve so lahko stranski učinek nesteroidnih protivnetnih zdravil, kot sta aspirin in ibuprofen."
Hooper živi v Portlandu.,33,not_entailment,"Nekdanji uslužbenec podjetja, David Vance iz South Portlanda, pravi, da je Hooper preživel veliko časa na poti in se pogosto srečeval s strankami med Portlandom in Kitteryjem."
Ciper je bil 1. maja razdeljen na dva dela.,34,not_entailment,"Ciper, razdeljen ali ne, se 1. maja pridruži EU."
"Severna Koreja pravi, da ima kupe jedrskih orožij in da jih gradi še več.",35,not_entailment,"Svetovni voditelji so v četrtek izrazili zaskrbljenost, da bo Severna Koreja zapustila šetčlanske pogovore o jedrski razorožitvi in okrepila svoj arzenal jedrskih orožij."
Gbagbo je Ouattarov tekmec.,36,entailment,"Zakoni, ki ustanavljajo volilno komisijo, zadevajo tudi narodnost, ki je sporno vprašanje, odkar so strožji zakoni izključili enega Gbagbojevih glavnih tekmecev iz predsedniške tekme leta 2000, nekdanjega premiera Alassaneja Ouattare."
Mohandas je leta 1989 prejel Nobelovo nagrado.,37,not_entailment,"Mohandas Karamčand Gandhi nikoli ni prejel Nobelove nagrade za mir, čeprav je bil zanjo med letoma 1937 in 1948 nominiran petkrat."
"Malo verjetno je, da bo prišlo do koalicije med socialnimi demokrati Goerharda Schroederja in zvezo krščanskih demokratov Angele Merkel.",38,not_entailment,"Krščanski demokrati (CDU) so dobili 35,2% glasov oz. 225 sedežev, socialni demokrati kanclerja (SPD) Goerharda Schroederja pa 34,3% glasov."
Decembra 1936 je abdiciral kralj Edward VIII.,39,entailment,"Edward VIII je bil okronan januarja 1936, decembra istega leta pa je abdiciral."
Stephen Grosz je britanski odvetnik Davida Hicksa.,40,not_entailment,"David Hicks, avstralski jetnik v zaporu Guantanamo Bay, je dobil britansko državljanstvo in s tem možnost, da da ga osvobodijo iz ameriškega vojaškega zapora na Kubi. Sodnik Lawrence Collins z britanskega višjega sodišča je razveljavil odločitev britanske vlade, ki je zavrnila Hicksovo prošnjo za državljanstvo, čeprav se je njegova mama rodila v Angliji. Sodnik Collins trdi, da vlada »nima pravice zavrniti ali odvzeti državljanstvo.« Sodnik Collins je rekel: »Menim, da bi bilo neprimerno zavrniti pomoč, ki bi jo drugače nudili, samo zato, ker naj bi bil tožnik domnevno vpleten v terorizem in v preteklosti ni imel stika z našo državo.« Hicksov odvetnik, Stephen Grosz, trdi, da gre za prelomno določitev. Obenem pravi, da zdaj ni razloga, da ne bi bil Hicks deležen iste zaščite kot devet drugih britanskih državljanov, ki so jih po posredovanju britanske vlade brez obtožbe izpustili iz zapora Guantanamo Bay."
Nabirajo morsko rastlinje.,41,entailment,Morsko algo Fucus nabirajo v komercialne namene na Novi Škotski že od konca petdesetih let in je trenutno komercialno najbolj pomembna morska alga v atlantski Kanadi.
"Mušaraf je izgrednikom ukazal, naj odločno nastopijo proti varnostnim silam.",42,not_entailment,"Pakistanski predsednik Pervez Mušaraf je po umoru opozicijske voditeljice Benazir Buto varnostnim silam ukazal, naj odločno nastopijo proti izgrednikom. Zaradi nasilnih izgredov je umrlo vsaj 44 ljudi, številni pa so bili ranjeni. Mušaraf trdi, da so ukrepi nuni, da se zaščiti ljudi. Novinar televizijske postaje VOA, Ayaz Gul, iz Islamabada poroča, da je obenem izbruhnil srdit spor glede umora 54-letne političarke in tega, kdo stoji za njim."
Michael Bloomberg je župan New Yorka.,43,not_entailment,"En mesec zatem ko je guverner David A. Paterson opustil predlog za davek na gazirane sladke pijače, je vodja njujorške zdravstvene komisije napisal članek, ki zagovarja »konkretne« davke na gazirane in športne pijače s sladkorjem. V članku trdi, da bi tovrstni davek lahko prispeval k javnemu zdravju vsaj toliko kot uvedba davka na tobačne izdelke. Vodja komisije,dr. Thomas R. Frieden, in njegov so-avtor, Kelly D. Brownell z univerze Yale, v reviji New England Journal of Medicine trdita, da bi davek v znesku enega penija na približno 30 ml znižal porabo za več kot 10 procentov in samo v državi New York prispeval v blagajno 1,2 milijarde dolarjev letno."
"Uradniki so povedali, da je med mrtvimi tudi osumljenec, ki je finski državljan.",44,entailment,"Uradniki so povedali, da je med mrtvimi tudi finski osumljenec , vendar niso navedli povoda za napad."
Ukinili so varovano vojaško območje okoli Falklandskega otočja.,45,entailment,"Velika Britanija bo do 31. marca ukinila okoli 240 km široko varovano vojaško območje okoli otočja, ki ga je uvedla ob argentinski invaziji leta 1982."
Potopil se je indonezijski trajekt s 300 potniki.,46,not_entailment,"Predstavnik podjetja PT Nur Budi, ki je lastnik trajekta, je za tragedijo obtožil indonezijske pristaniške oblasti. »Trajekt ima kapaciteto 205 potnikov, pristaniška administracija pa je vkrcala več potnikov, ker so mislili, da bo pač šlo,« je rekel. Nacionalna agencija za meteorologijo in geofiziko je sicer v petek izdala opozorilo o visokih valovih. Posebej je opozorila, da bo »v soboto 10. in v nedeljo 11. v indonezijskih vodah prišlo do nevihtnih valov«, kljub resnim opozorilom pa je KM Teratai izplula."
Izgredi v Grčiji so se začeli 6.decembra.,47,not_entailment,"Napetosti in spopadi med grško policijo in anarhističnimi protestniki so izbruhnili v središču Aten v Grčiji med protivojno demonstracijo 4. Evropskega socialnega foruma, ki v grški prestolnici zaseda od četrtega do sedmega maja 2006. Pohod približno 1.000 anarhistov se je končal s spopadi med skupinami anarhistov in policije. Posebne policijske enote so uporabile solzivec, poškodovana pa je bila podružnica Grške banke, restavracija s hitro hrano in približno petdeset okenskih izložb v središču Aten."
Tožba vključuje zahtevo po izročitvi libijskih osumljencev za razstrelitev letala Pan Am nad mestecem Lockerbie.,48,entailment,"Libijska tožba proti Veliki Britaniji in ZDA se nanaša na spor glede njihove zahteve po izročitvi Libijcev, ki so jih obtožili za razstrelitev letala podjetja Pan Am nad Lockerbiejem leta 1988."
Argentina je VB prosila za strokovno pomoč pri vprašanjih privatizacije in poljedelstva.,49,not_entailment,Argentina je Veliko Britanijo prosila za pomoč pri programu privatizacije in spodbudila britanske investicije.
Garry Breitkreuz je član konservativne stranke.,50,entailment,"Namesto, da bi se spopadli s kriminalom, smo dobili zvezni register orožja z dolgo cevjo, ki je postal napihnjena birokratska nočna mora za vse odgovorne lovce, kmete in podeželske prebivalce v Kanadi. Davkoplačevalce je stal približno 2 milijardi kanadskih dolarjev, ob tem pa ni niti najmanj zmanjšal količino kriminala s strelnim orožjem, je rekel Harper. Konservativci so neregistriranim lastnikom strelnega orožja obljubili amnestijo. Trenutno ni v parlamentu nobenega zakonodajnega predloga. Konservativec Garry Breitkreuz iz Saskatchewana bo podal predlog zakona o registru orožja z dolgo cevjo."
"Ko so bili stari eno leto, so mišje samce hranili s prehrano, v kateri so 60 procentov kalorij dobili iz maščob.",51,entailment,"Raziskovalci so v najnovejši študiji eno skupino miši hranili s prehrano, v kateri so 60 procentov kalorij dobili iz maščob. S tovrstnim prehranjevanjem so začeli, ko so bili mišji samci stari eno leto, kar v mišjem življenjskem razponu pomeni, da so bili srednjih let. Po pričakovanjih so samci kmalu začeli kazati simptome prediabetesa, z močno povečanimi jetri, umirali pa so veliko prej kot miši s standardno prehrano."
"Vojaki so vozili civilni avto in bili oblečeni v civilna oblačila, ko se je med njimi in iraško patruljo vnel spopad.",52,not_entailment,"Vojake, ki naj bi nosili arabske naglavne rute, so obtođžili, da so streljali na iraško policijo, ko so jih ustavili pri cestni zapori."
"Clinton izjavil, da bi inšpektorji Združenih narodov lahko ostali v Iraku.",53,not_entailment,"Združene države bi želele, da se inšpektorji Združenih narodov vrnejo v Irak, a le pod pogojem, da Iračani naredijo konkretne, pozitivne in dokazljive korake v smeri »polnega sodelovanja«, je izjavil Clinton."
Bataljon San Carlos je napadel patruljni avto.,54,not_entailment,"12. avgusta je bataljon San Carlos naletel na mine, ki so jim jih postavili na pot; en vojak je bil ubit, dva pa huje ranjena. Medtem so 10.avgusta urbani komandosi presenetili patruljni avto in vanj vrgli granato, ki je ranila štiri ljudi in delno uničila avto."
V stanovanju Rodriguezovih na Mulberry Street so ocenili pse za vohanje bomb.,55,not_entailment,V stanovanje Rodriguezovih na Mulberry Street so pripeljali pse za vohanje bomb.
Uporaba mobilnih telefonov lahko vpliva na moško plodnost.,56,entailment,"Neverjetna nova študija o mobilnih telefonih razkriva, da naj bi ti znižali število spermijev za 30%."
Podjetje Lufthansa Technik Automotive je odpustila 30 delavcev.,57,not_entailment,"Delavci tovarne Lufthansa Technik Automotive v okrožju Dublin bodo danes glasovali o spremembah v delovnih procesih, ki jih želi uvesti vodstvo podjetja. Podjetje za vzdrževanje letalskih motorjev je opozorilo,d a bi zavrnitev predlaganih sprememb ogrozila investicijo v tovarno v Rathcoolu in s tem tudi delovna mesta. LTA trdi, da ne bo odpuščala ali nižala plač in da bi načrtovana investicija zagotovila prihodnost tovarne za naslednjih petnajst let. Spremembe v delovnih procesih želijo uvesti po propadu pogajanj s komisijo za delovna razmerja."
Sporazum GATT je nastal leta 1947.,58,not_entailment,"Na novo začrta pravila globalne trgovine, ki jih je leta 1947 vzpostavil Splošni sporazum o carinah in trgovini (GATT) in ki so jih od takrat večkrat preoblikovali skozi številna pogajanja."
Cheney je ozmerjal senatorja Patricka Leahyja.,59,entailment,"Podpredsednik Dick Cheney je v torek med jezno izmenjavo mnenj v Senatu z žaljivko ozmerjal vermontskega senatorja Patricka Leahyja, ko so se senatorji zbrali za vsakoletno fotografiranje."
Na splošnih volitvah maja 2005 so konservativci dobili 33 sedežev.,60,not_entailment,"Na splošnih volitvah maja 2005 Michaelu Howardu ni uspelo premagati laburistične vlade, čeprav so konservativci dobili 33 sedežev in so najbolj korenito pripomogli k temu, da se je laburistična večina znižala s 167 na 66 sedežev."
Dagbladet je norveški časopis.,61,not_entailment,"Norveški korpus Newspaper Corpus je velik korpus norveških publicističnih besedil, ki se avtomatsko dopolnjuje. Začetki zbiranja tega dinamičnega in nenehno naraščajočega korpusa segajo v leta 1998."
"Džakarta, nekoč (do leta 1949) znana kot Batavia, je največje mesto in prestolnica Indonezije.",62,not_entailment,"Nizozemci, ki so Indoneziji vladali do leta 1949, so Džakarto imenovali Batavia."
Jamesa Bonda je ustvaril Ian Fleming.,63,entailment,"Danes so oznanili ime najnovejšega filma v franšizi Jamesa Bonda. Dvaindvajseti film, ki je bil do danes znan samo kot Bond 22, se bo imenoval »Kvantum sočutja«. Produkcijska hiša EON Productions, ki je producent filma, je ime oznanila danes v Pinewood Studios, kjer že od lanskega leta poteka produkcija filma. Ime filma je navdihnila istoimenska kratka zgodba iz knjige For Your Eyes Only, ki jo je napisal Bondov stvaritelj, Ian Fleming."
Patološka debelost je zdravstveno obravnavana.,64,entailment,"Želodčni obvod, ki je znan tudi kot spenjanje želodca, je postal najpogostejši kirurški poseg pri obravnavi patološke debelosti."
V juniju strmo padla potrošniška poraba v ZDA.,65,not_entailment,V juniju so padli stroški potrošnikov v ZDA.
Nekateri Avstralci so gladovno stavkali.,66,not_entailment,"Bivšega iraškega voditelja so preteklo nedeljo odpeljali v bolnico, saj je že šestnajst dni zavračal hrano. Tiskovne agencije poročajo, da je z gladovno stavko sicer zaključil in pojedel kosilo na sodišču v Bagdadu. »Sadam je pojedel govedino z rižem ter kokakolo in kruh, ki ga je prinesel s seboj iz bolnice,« je za Retuters povedal vir. Gladovno je stavkal skupaj s tremi so-obtoženci, ki so zahtevali več varnosti za svoje odvetnike, saj so tri od njih umorili."
Sonio Gandhi je porazila stranka BJP.,67,not_entailment,Sonio Gandhi lahko na naslednjih volitvah porazi stranka BJP.
"Palestinski voditelj Mahmud Abas je človek, s katerim se Izrael lahko pogovarja.",68,entailment,"Izraelski premier Ariel Šaron je izjavil, da je Mahmud Abas človek, s katerim lahko Izrael sklene dogovor."
V filmu nastopa v v logi lika Wolverine igralec Hugh Jackman.,69,entailment,"Premiera v mestu Tempe bo v vsem podobna super-hollywoodskemu spektaklu, vključno z rdečo preprogo, reflektorskimi lučmi, kričečimi oboževalci in medijskim poročanjem o zvezdah filma, na čelu s samim Wolverinom, Hughom Jackmanom, pridružili pa se mu bodo tudi Liev Schreiber, Ryan Reynolds, Taylor Kitsch, Lynn Collins, will.i.am  in režiser Gavin Hood.  Po težkem tekmovanju, ki je vključevalo na tisoče mest in krajev po Združenih državah, si je mestece Tempe priborilo prestižni dogodek z ambicioznim programom, ki je zajemal celo mesto. Skupnost je spodbujal tudi sam župan, Hugh Hallman, ki je na pobudo odgovorila z objavo številnih videov na YouTubeu."
V bombnem napadu na avto v Bejrutu je bil ranjen član opozicije.,70,entailment,"Sicer pa je bil oktobra sredi naraščajočih napetosti med vlado in opozicijskimi skupinami v Bejrutu v bombnem napadu na avto resno poškodovan opozicijski politik, njegov voznik pa je v napadu umrl."
Viša se število obolelih za kožnim rakom.,71,not_entailment,"Weinstock je skrbno preučil na desetine študij, da bi našel dokaz o povezavi med uporabo kreme za sončenje in naraščanjem ali upadanjem števila primerov kožnega raka."
Za iskanje pogrešanih žrtev uporabljajo robote.,72,entailment,"Večina ljudi ve, da lahko bernardinci in druge pasme psov sodelujejo v reševalnih akcijah. V reševalnih akcijah pa bodo morda sodelovali tudi roboti."
Charlton Heston se je rodil v Illinoisu.,73,entailment,"Charlton Heston, ki se je rodil v Illinoisu, je bil 27-leten igralec z izkušnjami na Broadwayju in na televiziji, ko je prispel v Hollywood in s Halom Wallisom podpisal pogodbo o sodelovanju na petih filmih."
Babe Ruth je v svoji karieri dosegel 60 	»homerunov«.,74,not_entailment,"Ruthov rekord iz leta 1927, ko je v eni sami sezoni dosegel 60 »homerunov«, je ostal nedotaknjen do leta 1961, ko jih je Roger Maris dosegel 61."
Maglev uporabljajo v komercialne namene.,75,entailment,"Nemško tehnologijo so uporabili pri izgradnji šanghajske železniške proge za magnetni vlak maglev, prvi na svetu, ki se uporablja v komercialne namene."
Clay Roueche je star 33 let.,76,entailment,"Seattle--Vodja tolpe Združeni narodi, Clay Roueche, mora za zapahi preživeti vsaj 30 let, je izjavil ameriški odvetnik Jeffrey Sullivan po njegovem nepričakovanem torkovem priznanju, da je sodeloval pri tihotapljenju kokaina, marihuane in drugih prepovedanih drog. Sullivan je pred sodiščem povedal, da sta Rouechovo vodstvo nasilne tolpe ZN in dodelanost mednarodne tihotapske zarote dejavnika, ki govorita v prid temu, da si 33-letni Kanadčan zasluži daljšo kazen, »tudi dosmrtno«. Poudaril je tudi, da Rouechov sporazum o priznanju krivde ni vseboval »nobenih olajšav v zvezi z izrekanjem kazni.«"
Tom Baker dela za britansko telekomunikacijsko podjetje BT.,77,entailment,"Bakerjev glas bodo uporabili namesto dosedanjega računalniško sintetiziranega glasu. Podjetje BT je izjavilo, da so njegov glas izbrali zaradi njegove takojšnje prepoznavnosti. Baker je potreboval 11 dni, da je posnel 11.593 besednih zvez in glasov, ki se jih da računalniško ločiti in ponovno združiti v nove besede. Po petih mesecih dodatne obdelave so bili posnetki pripravljeni za uporabo. Podjetje BT je izjavilo, da ne bo omejevalo besed, ki jih lahko »izgovori« glas Toma Bakerja, vključno s kletvicami. »Najbolj mi je všeč to, da bom ljudem prinašal dobre novice, pa naj gre za hudomušna sporočila, rojstnodnevne želje ali samo za hiter pozdrav,« je rekel Baker."
Izbrali so kandidate za Nobelovo nagrado za mir.,78,not_entailment,"Norveška komisija za podelitev Nobelovih nagrad izbira kandidate in nagrajence mirovne nagrade. V komisiji je pet članov, ki jih določi Storting (norveški parlament). Mirovno nagrado podelijo v Oslu, na Norveškem, in ne v Stockholmu, kjer so podeljene ostale Nobelove nagrade."
"Na afriških obalah so našli mrtve delfine, želve in kite.",79,entailment,"Na afriške obale je naplavilo več kot 150 mrtvih delfinov, morskih želv in kljunatih kitov."
Noraini je imela dvojčico po imenu Endon.,80,entailment,"Endon so spoštovali zaradi njenega skromnega in preprostega značaja. V javnosti so jo imenovali ""Kak Endon"" oz. ""starejša sestra Endon."" Potem ko so leta 2002 bolezen že diagnosticirali pri njeni dvojčici Noraini, so ugotovili, da ima raka. Noraini je umrla leta 2003. Endon so odstranili dojko in redno je potovala na zdravljenje v ZDA. Iz Los Angelesa se je v Malezijo vrnila 1.oktobra, po petih ciklih kemoterapije, ki jih je prejela od julija. Endon je intenzivno sodelovala pri projektih za ozaveščanje o raku na dojki, ki je vodilni razlog za z boleznijo povezano smrt pri malezijskih ženskah. Izjavila je, da se ne želi smiliti sama sebi in da je imela srečo, da je imela dostop do najboljšega možnega zdravljenja."
Hillary Clinton je Billova sestra.,81,not_entailment,"V nedavni tožbi tožniki trdijo, da so se Lee, Perlmutter, Arthur Lieberman in Avi Arad zlonamerno zarotili, da prikrijejo in poneverijo finančne interese v Leejevih delih, ki so od leta 1998 v lasti Stan Lee Media. Kriza skupine SLM med drugim vključuje tudi njenega bivšega predsednika Petra F. Paula, ki je pobegnil v Brazilijo, donacije za Billa in Hillary Clinton ter Paulovo izročitev. Leta 2007 je SLM vložila tožbo v višini 5 milijard dolarjev, kjer trdi, da je so-lastnica vseh del, ki jih je Stan Lee ustvaril za Marvel."
Alex Da Silva se uči plesati salso.,82,not_entailment,"Alexa Da Silvo, plesnega inštruktorja salse in koreografa Foxove oddaje »So You Think You Can Dance«, so v soboto prijeli zaradi domnevnega poskusa spolnega napada na štiri učenke, je v izjavi zapisala policijska postaja v Los Angelesu. Da Silvo, 41, so obtožili, da je učenke v zadnjih šestih letih napadel v svojih dveh domovih v dolini San Fernando. Zanj so razpisali varščino v višini 3,8 milijonov dolarjev. Oblasti so izjavile, da so bile vse štiri žrtve v času napadov Da Silvove učenke."
Ruth je v svoji karieri dosegel 47 	»homerunov«.,83,not_entailment,"Ruth si je opomogel od bolezni in težav, ki jih je imel leta 1925, in v Ameriški ligi vodil s 47 »homeruni« oz. z 28 »homeruni« prednosti pred vsemi ostalimi."
Arnold Schwarzeneggerja so izvolili za guvernerja Kalifornije.,84,entailment,"V torek, 7.oktobra 2003, so Arnolda Schwarzeneggerja izvolili za guvernerja Kalifornije."
Eugene W. Weaver je mož Patricije Amy.,85,entailment,Patricia Amy Messier in Eugene W. Weaver sta se 28. maja poročila v katoliški cerkvi Sv. Klare v North Palm Beachu.
Clara Petacci je bila Mussolinijeva ljubica.,86,entailment,"28. aprila 1945 so na milanskem trgu Piazzale Loreto ustrelili in obesili Benita Mussolinija in njegovo ljubico Claro Petacci, kar je bil javni spektakel, ki so ga večkrat tudi fotografirali."
Jupiter ima dvanajst lun.,87,not_entailment,"Dvanajst Jupitrovih lun je relativno majhnih in domnevajo, da so se najverjetneje ujele ter niso nastale v orbiti okoli Jupitra."
Zapatero je v Kostariki sodeloval na ibero-ameriškem srečanju.,88,entailment,"Zapatero je v štirih dneh obiskal naslednja mesta: Brasilio, Sao Paolo, Buenos Aires in Santiago de Chile. Uradni viri trdijo, da so ti obiski sklepni del projekta, ki ga je začel na srečanju EU in Latinske Amerike v mestu Guadalajara v Mehiki in potem meseca novembra nadaljeval na ibero-ameriškem srečanju v Kostariki."
"Predeli Džakarate, ki niso ob morju, so na nekoliko višji legi.",89,entailment,"Džakarta leži na nizki aluvialni ravnici, v preteklosti pa je imela obsežne močvirne predele; deli mesta, ki segajo bolj v notranjost, so na nekoliko višji legi."
Izkupiček bo prejela družina Hepburnove.,90,entailment,"Denar, ki ga bodo iztržili s prodajo, bo šel v sklad za družino Hepburnove."
Kennon ni bil udeležen v drugi svetovni vojni.,91,not_entailment,"Leta 1941 so ga vpoklicali kot aktivnega člana nacionalne garde. Čeprav Kennon ni sodeloval v aktivnih bojih, se v času druge svetovne vojne ni vrnil domov do maja 1945."
Dvorana slavnih srednje šole Auburn High School šteje deset članov.,92,not_entailment,"Dvorana slavnih srednje šole Auburn High School je nedavno predstavila svoj razred za leto 2005, ki šteje deset članov."
800 Mehičanov se je okužilo z novo obliko prašičje gripe.,93,entailment,"MEXICO CITY (Reuters) - V Mehiki je izbruhnila do sedaj neznana, smrtonosna oblika prašičje gripe, ki je ubila kar 60 ljudi in vzbudila strah, da se bo razširila po Severni Ameriki.  Svetovna zdravstvena organizacija je izjavila, da jo skrbi 800 »gripi-podobnih« primerov v Mehiki in tudi potrjen izbruh nove oblike prašičje gripe v Združenih državah. Povedala je, da je v Mehiki umrlo okoli 60 ljudi. Mehiška vlada je potrdila, da je v osrednji Mehiki vsaj 16 ljudi umrlo za prašičjo gripo in da je še 45 morebitnih žrtev bolezni."
Ayrton Senna se je smrtonosno ponesrečil na Veliki nagradi San Marina.,94,entailment,"Zdravniki, ki so zdravili Ayrtona Senno po nesreči, ki jo je imel na Veliki nagradi San Marina, so zanikali, da je umrl na dirkališču v Imoli."
V Iraku so ugrabili tolmača.,95,not_entailment,"V petek so osvobodili dva turška inženirja in afganistanskega tolmača, ki so jih ugrabili decembra."
Pravni stroški za izterjavo kazenske odškodnine se lahko odbijejo kot poslovni stroški.,96,not_entailment,V Teksasu uspešni tožniki v 53% sodnih primerov v zvezi z diskriminacijo iztožijo kazensko odškodnino.
Svet newyorških hotelov in motelov je zveza hotelskih sindikatov.,97,entailment,"Zdaj, ko mestni hoteli trpijo zaradi nenadnega upada v prometu, njihovi upravljavci od sindikatov, ki zastopajo 27.500 postreščkov, sobaric in natakarjev, zahtevajo znižanje plač in druge popustke.  Vendar pa so sindikati v hotelskih vežah od luksuznega hotela Carlyle do bolj skromnega Ramada Inn postavili mejo, saj pravijo, da ni potrebe, da bi se uklonili, medtem ko upravljavci nižajo cene, da bi v prazne sobe pritegnili turiste, poslovneže in druge popotnike. Veliko prezgodaj je, da bi sodili o finančnem zdravju panoge, je izjavil Peter Ward, predsednik Sveta newyorških hotelov in motelov, ki je zveza hotelskih sindikatov."
Hubble je odkril črne luknje.,98,not_entailment,"Odkritje temelji na meritvah hitrosti vrtinca iz vročega plina, ki kroži okrog črne luknje."
Umrl je papež Janez Pavel II.,99,entailment,"Središče Chicaga se je iz kraja žalovanja, kjer so objokovali smrt papeža Janeza Pavla II., spremenilo v kraj praznovanja, kjer so se katoliški verniki zbrali, da bi proslavili ustoličenje papeža Benedikta XVI."
Amatriciana je omaka.,100,entailment,"Za kosilo sem šla k Ciprianiju. Pri Ciprianiju je dobro to, da je popolnoma italijanski. Vsak človek tam je Italijan. Celo ameriški sommelier je Italijan. Vsi govorijo italijansko. To je dober občutek. Mislim, da sem pri Ciprianiju doživela eno najbolj prefinjenih postrežb v restavraciji. Za kosilo sem jedla spaghetti a la chitarra z omako amatriciana. Jedla sem goveji tatarski biftek. Jedla sem ocvrto mešano morsko hrano. Poleg tega sem jedla tudi sveže testenine z ragujem iz mlade račke. Bile so izjemne. Nato sem naročila krožnik parmezana z zelenimi olivami in celega pečenega brancina. Jedla sem skupaj s še eno osebo. Popila sva nekaj kozarcev vina. Nisva naročila sladice; popila sva kozarček vina preveč, zato sva bila zelo sita. Kako uro sva še ostala in samo pila vino, ker je moj prijatelj naročil steklenico."
"Michelle Orchard od Sebastiana Leeja zahteva na stotisoče funtov, ker hoče nov nos.",101,not_entailment,"Šolska kuharica zahteva odškodnino od najstnika, ki jo je resno poškodoval, ko se je lovil  prijateljem. Če bo pri tem uspešna, bi lahko učenci postali pravno odgovorni za razposajeno obnašanje, ki privede do nesreč.   42-letna Michelle Orchard zahteva na stotisoče funtov odškodnine od Sebastiana Leeja, ki je bil star 13 let, ko se je januarja 2004 zaletel vanjo med odmorom za kosilo na šoli Corfe Hills, Corfe Mullen v Dorsetu.   Kot so včeraj slišali višji sodniki na pritožbenem sodišču, je Sebastian, za katerim je tekel prijatelj, ritensko trčil vanjo in jo z zadnjim delom glave zadel v obraz. Nos ge. Orchard je bil zlomljen, zobje pa poškodovani. Njeni odvetniki trdijo, da je utrpela tudi resne možganske poškodbe, ki so vodile v delno paraliziranost in težave z ravnotežjem. Od nesreče dalje ni mogla delati."
"Pričakovati je, da se bodo ta teden tisoči ljudi vrnili v New Orleans, saj so deli mesta odprti za stanovalce.",102,not_entailment,Nagin je zagovarjal svoj načrt vrnitve do 180.000 ljudi v mesto v tednu in pol navkljub zaskbljenosti o primanjkovanju pitne vode in močno onesnaženim poplavnim vodam.
Altajski ledeni mladec je sprožil velik spor.,103,not_entailment,"Odkritje telesa bojevnika – za katerega se predvideva, da je pred več kot 2.000 leti umrl v boju – bi arheologom lahko pomagalo določiti lokacijo starodavnega svetega kraja. Mladi bojevnik, star okrog 30 let ter najden s sulico, mečem, pasom in nožnico, je osupil arheologe, ki so našli njegovo kamnito krsto."
Toshiba nima premikajočih se delov.,104,not_entailment,Toshiba je proizvedla gorivno celico brez premikajočih se delov.
Barings je bila najstarejša britanska komercialna banka.,105,not_entailment,"Britanski tabloidi so predstavili Nicholasa Leesona kot podleža iz delavskega razreda, ki je lastnoročno uničil Barings PLC, 233-letno londonsko komercialno banko, ki je pomagala financirati napoleonske vojne."
Afroameričani so manjšina v ZDA.,106,entailment,"Članek omenja tudi, da je med dvema manjšinjskima populacijama, Afroameričani in Latinoameričani, večji pojav debelosti, a v analizi povečanja debelosti ne upošteva povečanja teh populacij kot delov prebivalstva ZDA.  Afroameričani in Latinoameričani imajo višje stopnje debelosti kot belski Američani, medtem ko imajo azijski Američani relativno nizko stopnjo debelosti. Čeprav predstavljajo le tretjino prebivalstva ZDA, Afroameričani in Latinoameričani predstavljajo približno polovico rasti prebivalstva."
Mike Tyson je v devetdesetih ugriznil v Holyfieldovo uho.,107,not_entailment,"Tyson, ki je v 90-ih letih zaradi posilstva odslužil tri leta zapora in ki je leta 1997 med dvobojem Evanderju Holyfieldu odgriznil del ušesa, še vedno misli, da lahko ponovno postane prvak v težki kategoriji."
Moški je v premiera zalučal čevelj.,108,entailment,"Univerza se je prav tako opravičila za incident: »[Ž]al nam je, da se je incident zgodil in proti osebi bomo ukrepali v skladu z zakonom. Univerza je prostor za diskusijo, debato in tehtne argumente, ne za metanje čevljev.« Oblasti so mnenja, da premier ni bil zares ogrožen. Moški bo 10. februarja moral na sodišče."
John Glenn je bil prvi človek v orbiti.,109,not_entailment,"Devet mesecev pozneje John Glenn postane prvi Američan, ki je obkrožil Zemljo."
Otroci na Novi Zelandiji so prisiljeni v nošenje oranžnih kombinezonov.,110,not_entailment,"Policija pravi, da je nosil oranžen kombinezon, podkapo in pištolo, ko je okrog 15.15 iz Cherrywooda ukradel 6300 $. Pred banko Leatham je poskušal ukrasti avto, s pištolo grozil starejšemu moškemu in nazadnje ukradel črn Mitsubishi Mirage. Avto so pozneje našli zapuščen blizu Fairmont Terrace v predelu Glenn Terrace oziroma Ridge Street."
Alexandre Berthier je umrl leta 1799.,111,not_entailment,"Še leta 1799 so duhovnike zapirali ali pošiljali v kazenske kolonije, preganjanje pa se je še poslabšalo, ko je francoska vojska, ki jo je vodil general Louis Alexandre Berthier, zajela Rim in zaprla papeža Pija VI., ki je nato avgusta 1799 umrl v ujetništvu v mestu Valence v francoski pokrajini Drôme."
Kandženzenga je visoka 8586 metrov.,112,not_entailment,Ekipa 10 mož naj bi do vznožja gore prispela konec aprila in potovanje na 8.586-metrski vršac začela v začezku maja.
Jedrski arzenal Pakistana zbuja zaskrbljenost.,113,entailment,"ISLAMABAD, Pakistan (CNN) -- Talibanski militantneži so ta teden izvedli najgloblji vpad v Pakistan in prevzeli nadzor nad območji, odkoder je do prestolnice le kratka vožnja.  Pakistanski vladni uradnik je izjavil, da so se v petek militantneži povsem umaknili iz okrožja Buner, čeprav drugi uradniki dvomijo, kako velik je umik in kako dolgo bo trajal. Buner je le 60 milj oddaljen od Islamabada. Situacija je še toliko bolj zaskrbljujoča, ker je Pakistan jedrsko oborožen. Ta islamska republika naj bi imela med 30 in 40 jedrskih bojnih glav, trdi jedrska varuhinja ZN, Mednarodna agencija za atomsko energijo (IAEA)."
Bob Schindler se je poročil z Mary.,114,entailment,"V petek, 25. marca 2005, je oče Terri Schiavo v zadnjem trenutku vložil poziv, naj se njegovi hčeri v petek ponovno vstavi cevko za umetno hranjenje. »Terri postaja šibkejša. To so njene zadnje ure,« je rekel Bob Schindler, Terrijin oče. »Nekaj je treba narediti in to hitro.« Bob Schindler in njegova žena Mary sta v petek vložila nujni poziv, da bi njuni 41-letni hčeri ponovno vstavili cevko za umetno hranjenje. Pred tem je v petek zvezni sodnik James Whittemore zavrnil prejšnji poziv družine. V sredo je zavrnil podobno zahtevo. Novi poziv bo vložen na Pritožbeno sodišče za 11. okrožje v Atlanti, čeprav je to sodišče doslej že dvakrat zavrnilo poziv družine. Cevko so odstranili v petek, 18. marca 2005."
"Cene surove nafte so dosegle nove višave, saj rastejo strahovi glede obsega škode, ki jo je povzročil hurikan Katrina na pridobivanje nafte v Mehiškem zalivu.",115,not_entailment,95 % proizvodnje nafte in več kot 83 % proizvodnje zemeljskega plina v Mehiškem zalivu po Katrini ne obratuje.
Toshiba je hčerinsko podjetje Dell Inc.,116,not_entailment,"Na Toshibi, ki je tretji največji proizvajalec prenosnih računalnikov na svetu za Dell Inc. in Hewlett-Packard Co., pravijo, da bo osebni računalnik na Japonskem na voljo v začetku leta 2006."
Mark Hacking je bil sprejet v zapor Salt Lake County Jail v ponedeljek.,117,not_entailment,"Hacking je ženo prijavil kot pogrešano v ponedeljek, 19. julija."
Ženski uspel solo vzpon na Everest.,118,entailment,"Britanska alpinistka Alison Hargreaves je postala prva ženska, ki se je sama in brez dodatnega kisika povzpela na Everest."
Tri stranke ustanovile nizozemsko koalicijsko vlado.,119,entailment,"29. junija je padla nizozemska desna koalicijska vlada. Sestavljena je bila iz krščanskih demokratov (CDA), ki jih je vodil premier Jan Peter Balkenende, desne liberalne stranke (VVD) in t. i. »levo-liberalne« D66."
Indians iz Kinstona sodelujejo v Carolina League.,120,entailment,"Kinston Indians so ekipa minor league baseball iz Kinstona v Severni Karolini. Ekipa, ki je podružnica Cleveland Indians razreda A, igra v Carolina League."
Molly Walsh kani nehati kupovati generične izdelke.,121,not_entailment,"21-letna Molly Walsh, študentka Univerze Georgea Washingtona, ki nakupuje v lekarni CVS v Washingtonu D.C., je dejala, da ne namerava zavreči nobenega od zdravil trgovske znamke, ki jih ima doma in jih je kupila, da privarčuje. Prav tako ne kani nehati kupovati generičnih izdelkov."
Luna Titan ima premer 5100 kilometrov.,122,not_entailment,"Na novo predlagana razdalja je veliko bližje od trenutnih položajev, ki sta 2.870.972.200 kilometrov od sonca za Uran in 4.498.252.900 kilometrov za Neptun."
Blair je pripadnik Anglikanske cerkve.,123,not_entailment,"Britanski premier Tony Blair je dejal, da bi lahko današnji dogodki »na novo spisali zgodovino« in »pobegnili težkim sponam zgodovine«. Blair je dejal: »Poglejmo nazaj in videli bomo stoletja, omadeževana s spori, trpljenjem, celo sovraštvom med ljudstvi na teh otokih.« Blairov predhodnik, Sir John Major, je dejal: »Pogled na ljudi, ki so si bili nekoč popolnoma nasprotni, danes pa skupaj načrtujejo prihodnost Severne Irske, je zelo privlačen,« in dodal: »Od samega začetka sem vedno verjel, da je bilo to mogoče, da pa bo težko in dolgotrajno.«"
Otok dobi vodo iz zbranega dežja.,124,entailment,"Ker na otoku tudi ni vodnjakov, je treba vodo pridobiti iz dežja, skrbno zbranega v betonskih cisternah."
Jacques Delors je nasledil Jacquesa Santerja kot predsednik Evropske komisije.,125,not_entailment,"Jacques Santer je leta 1995 nasledil Jacquesa Delorsa kot predsednik Evropske komisije; bil je drugi Luksemburžan, ki je zasedel ta visoki položaj."
"Prišlo je do primera industrijske špijonaže, v katerem sta bila udeležena GM in VW.",126,entailment,"Primer industrijske špijonaže, v katerem sta bila udeležena GM in VW, se je začel, ko je VW za vodjo proizvodnje najel Josa Ignacia Lopeza, zaposlenega v hčerinskem podjetju GM, Adam Opel."
Luc Jouret je bil voditelj Redu sončnega templja.,127,not_entailment,"Švicarska policija je v četrtek potrdila, da je bil vodja kulta Luc Jouret med mrtvimi, ki so jih našli v požgani koči Redu sončnega templja v alpski vasi Granges-sur-Salvan."
Eurest Support Services je podružnica Ernst and Young.,128,not_entailment,"Podjetje, katerega pooblaščeni revizor je Deloitte and Touche, je naročilo podjetju Ernst and Young, da izvede temeljit pregled računov Eurest Support Services, ki je podružnica, ki prehranjuje mirovne sile ZN v najmanj osmih državah."
Vancouver se nahaja v Kanadi.,129,entailment,"Trije protestniki proti olimpijskim igram, preoblečeni v dostavljalce rož, so včeraj popoldne na hitro razdejali pisarno kanadskega premiera Gordona Campbella v centru Vancouvra v Britanski Kolumbiji, pri čemer so razbili okna ter metali slike, pisarniške dokumente in različne druge stvari. Ko so osumljence ujeli, so ti povedali, da jih je razburila Cambellova podpora olimpijskim igram 2010 v Vancouvru v Britanski Kolumbiji. Prav tako so trdili, da delajo za »Komite proti revščini«. Grozijo jim obtožbe poškodovanja tuje lastnine in grozenja med in po dogodku. Policija jih navaja le kot 23-letnega moškega, 29-letnega moškega in 17-letno žensko. Za 23-letnika je to tretja obtožba motenja posesti."
Pri potopu trajekta je življenje izgubilo 100 ali več ljudi.,130,entailment,"Čezkanalski trajekt Herald of Free Enterprise znamke Townsend Thoresen je 6. marca potonil po izplutju iz belgijskega pristanišča Zeebrugge, pri čemer je življenje izgubilo 135 ljudi."
Sinu Nicolasa Cagea je ime Kal-el.,131,entailment,"čeprav sta se rodila na različnih planetih, imata novorojeni sin z oskarjem nagrajenega igralca Nicholasa Cagea in Superman nekaj skupnega – obema je ime Kal-el."
Doris Lessing je dobila Nobelovo nagrado za književnost leta 2007.,132,entailment,"Po mnogih ugibanjih in londonskih špekulacijah je bilo razglašeno, da je britanska avtorica Doris Lessing (»Zlata beležnica«, 1962) dobitnica Nobelove nagrade za književnost leta 2007. Na Mednarodnem knjižnem sejmu v Frankfurtu v Nemčiji, ki trenutno poteka, je odločitev naletela na splošno odobravanje kot odločitev, ki nagrajuje literarno delo avtorice, ki je dobro uveljavljena izven lastne domovine, in ne kot politična izjava. Razlog, ki so ga navedli ob podelitvi prestižne nagrade Doris Lessing je bil, da so želeli počastiti »avtorico epov o ženski izkušnji, ki je s skepticizmom, ognjem in vizionarsko močjo razdeljeno civilizacijo podvrgla natančnemu pregledu.«"
Sedež STO je v Ženevi.,133,entailment,"Sedež STO je v Ženevi, a spori, ki sodijo v njeno pristojnost, se po pravilih ICC rešujejo v Parizu."
"FDA je našla kovine v približno 200 tabletah od 70 milijonov, ki jih je poslala skozi detektor kovin.",134,not_entailment,"Po podatkih FDA je preiskava nekega podjetja odkrila kovine v približno 200 tabletah od 70 milijonov, ki jih je poslalo skozi detektor kovin."
Rusi so rekorderji v najdaljšem bivanju v vesolju.,135,entailment,"Kozmonavt Sergej Avdejev, ki je trenutno na vesoljski postaji Mir, je postal oseba z najdaljšim skupnim časom bivanja v vesolju. Skupaj je zbral 681 dni."
Dr. James Anderson ja zaposlen na Univerzi v Readingu.,136,entailment,"7. decembra so NBC News poročali zgodbo o Dr. Jamesu Andersonu, profesorju na Oddelku za računalniške vede na Univerzi v Readingu v Veliki Britaniji. V poročilu so navedli, da je Anderson rešil »zelo pomemben problem«, star 1200 let: problem deljenja z nič. Po podatkih BBC-ja je Anderson ustvaril novo številko, ki jo je poimenoval »nullity« in ki je izven premice realnih števil. Anderson to število opredeljuje kot »transrealno število« in ga označuje z grško črko F. O številu je poučil učence šole Highdown v mestu Emmer Green, Reading."
SEC je premagal industrije.,137,not_entailment,"Novo pravilo SEC, s katerim se krepijo odbori vzajemnih skladov, predstavlja poraz za industrije."
Kip svobode je bil postavljen leta 1986.,138,not_entailment,"Imam komplet značk Coca-cole Grand Union, izdan ob stoletnici kipa svobode leta 1986."
Doug Lawrence je prodal impresionistični oljni pejsaž J. Ottisa Adamsa,139,not_entailment,Doug Lawrence je sredi sedemdesetih let kupil impresionistični oljni pejsaž J. Ottisa Adamsa pri trgovcu s starinami v Fort Waynu.
Vse obtožbe nekonkurenčnega zaposlovanja so bile pozneje zavrnjene.,140,not_entailment,"Začetno ponudbo, s katero bi preprečili sedmim nekdanjim zaposlenim pri GM, da bi 12 mesecev delali za Volkswagen, je frankfurtsko sodišče zavrnilo."
Charles Haviland je ameriški državljan.,141,not_entailment,"Vemo, da so bile omejitve glede videokamer in satelitskih telefonov, sedaj pa so nam povedali, da ni bo dovoljen niti predposnet radijski material o nepolitičnih temah, je o dogodku povedal BBC-jev novinar Charles Haviland. Do ukrepa je prišlo po tem, ko so Američana izgnali iz gore, ker so ga našli s tibetansko zastavo. Te so na tibetanski strani gore prepovedane. Nepalski uradnik je želel utemeljiti novo omejitev. »To počnemo za našo prijateljico Kitajsko,« je dejal."
Blair je pripadnik Anglikanske cerkve.,142,not_entailment,"Tony Blair, ki še ni dal uradnik komentarjev, je v BBC-jevem dokumentarcu prejšnji mesec povedal: »Saj veste, da ne moreš biti veren in da je to hkrati nepomemben vidik, saj je, to je nekaj globokega o tebi in o tebi kot o človeku.« Prav tako je dejal, da se je dotlej izogibal pogovorom o njegovih verskih mnenjih, saj se je bal, da bi ga označili za »norca«."
Pri potopu trajekta je življenje izgubilo 100 ali več ljudi.,143,entailment,"Potop trajekta 3. maja v reki Megna, ki je terjal življenje najmanj 370 ljudi, je opomnik, kakšne nevarnosti prežijo pri tovrstnem potovanju."
Holandski grofje so podpirali Sveti sedež.,144,not_entailment,"Grofje Holandije in Gelderna, med katerimi so se nahajali teritoriji škofov Utrechta, so prav tako želeli vpliv nad zapolnitvijo škofovskega sedeža. To je pogosto vodilo v spore in zato je Sveti sedež nemalokrat posredoval pri volitvah."
Uzbekistan zapira vojaško bazo Združenih držav.,145,entailment,"Višji ruski politik je pozdravil uzbekistansko odločitev, da zaprejo tamkajšnjo vojaško bazo Združenih držav, čeprav Moskva uradno zanika, da bi na države Srednje Azije izvajala pritisk, da izženejo ameriške sile."
"Kot odgovor na prošnje Mednarodne agencije za energijo, naj države članice sprostijo rezerve, je Kanada pripravljena pomagati.",146,not_entailment,"Mednarodna agencija za energijo, ki ima 26 članic, je v petek podali izjavo, da bodo države članice sprostile nafto, da bi pomagale pri lajšanju krize na področju goriv v ZDA, ki jo je povzročil hurikan Katrina."
"Najnovejši izsledki nasprotujejo študiji iz Kalifornije, ki je redno kajenje marihuane povezovala z občutno višjimi tveganji za rake glave in vratu.",147,entailment,"Nova študija spodbija prejšnje izsledke raziskovalcev z Univerze v Kalliforniji iz Los Angelesa, ki so dognali, da se možnosti za rake glave in vratu povečujejo s pogostostjo in trajanjem uživanja marihuane."
Poplavljanje v Evropi povzroča resne gospodarske izgube.,148,not_entailment,Poplave so med nabolj razširjenimi nesrečami v Evropi. Velika poplavljanja so se v zadnjih nekaj desetletjih nekje na naši celini zgodila skoraj vsako leto.
Osem ljudi je podtaknilo dve bombi blizu islamske šole v Pakistanu.,149,not_entailment,"Dve bombi, ki sta bili podtaknjeni blizu islamske šole v Pakistanu, sta včeraj v zadnjem izbruhi nasilja, ki vlada v pristanišču Karači na jugu države, ubili osem in poškodovali 42 ljudi."
Najprometnejša ura za taksi je ob 9. uri zvečer.,150,not_entailment,"Povprečen taksist dela devet ur in pol dnevno. Najprometnejše ure za taksi so med 6. in 8. uro zvečer. Čeprav je gospodarstvo v še globlji recesiji, pa je dnevno število prevozov s taksijem v New Yorku ostalo relativno stabilno.  To so najbolj slikoviti podatki o panogi rumenih taksijev, ki prihajajo iz zakladnice novih podatkov, ki jih je iz taksijev, opremljenih z novimi računalniškimi sistemi, ki beležijo vsako vožnjo in njeno ceno, zbrala Komisija za taksije in limuzine."
"Lahko surovo olje iz ZDA stane 1,27 $ na sodček.",151,not_entailment,"Gibanje cene lahkega surovega olja iz ZDA je bilo na New York Mercantile Exchange nepredvidljivo; sodček je dosegel ceno 44,50 $, potem pa se spustil nazaj na 44,10 $, kar je še vedno dobiček za 1,27 $."
Civic Alliance je krovna skupina.,152,entailment,"Civic Alliance, krovna skupina civilnih skupin, udeleženih v ponovni gradnji, je julija 2002 v mestni hiši gostila veliko javno srečanje za 5.000 ljudi, ki so ga naslovili »Poslušamo mesto«."
Sedež STO je v Bonnu.,153,not_entailment,"Prav tako ni jasno, ali bo podpora ZDA Nemčiji, ki podpira Bonn kot sedež STO, dejansko nagnila tehtnico v tisto stran."
"Renminbi juan je valuta, ki se uporablja na Kitajskem.",154,entailment,"Valuta, ki se uporablja na Kitajskem, je renminbi juan."
Vzniknilo je več novih političnih strank.,155,entailment,"Političnim strankam v PNG primanjkije ideološkega prepričanja in se skoraj popolnoma zanašajo na politična pokroviteljstva, personalizem in regionalne baze. V politiki Papue Nove Gvineje je vzniknilo več strank. V skupščini, izvoljeni leta 1973, je stranka Pangu Pati pod vodstvom Michaela Somareja oblikovala koalicijsko vlado z Ljudsko napredno stranko in Somare je postal premier."
Uvedba evra je naletela na nasprotovanje.,156,not_entailment,V roku šestih mesecev po uvedbi evrskih bankovcev in kovancev bo evro popolnoma zamenjal državne valute.
Google bi lahko na Nasinem zemljišču zgradil kampus.,157,entailment,"Google in NASA sta v sredo oznanila delovni sporazum, po katerem bi lahko spletni mogotec zgradil do miljon kvadratnih čevljev velik kompleks na zemljišču, ki je v lasti Nase ob Moffett Fieldu blizu mesta Mountain View."
CIA je leta 2003 ugrabila Osamo Nasrja.,158,entailment,"Hassana Mustafo Osamo Nasrja, muslimanskega klerika, znanega tudi kot Abu Omar, je 17. februarja 2003 v Milanu prijela ekipa pod vodstvom agencije CIA, ki naj bi ga z vozilom prepeljala v letalsko bazo Aviano blizu Benetk, od tam pa nato do letalske baze Ramstein v Nemčiji in nazadnje v Egipt. Iz zapora so ga spustili v nedeljo in pravi, da bi se rad vrnil v Italijo. Prav tako je povedal, da so ga mučili z elektrošoki, pretepali, mu grozili s posilstvom in pohabljenjem genitalij ter da »je zaradi tega postal človeška razvalina«."
Akbar Hašemi Rafsandžani je predsednik.,159,entailment,"V soboto so volilni uradniki povedali, da bodo v Iranu potekale prve odločilne predsedniške volitve v zgodovini: med predsednikom Akbarjem Hašemijem Rafsandžanijem in nepopustljivim županom Teherana."
Kim Ledger je bil Heathov sin.,160,not_entailment,"Potekala je spominska slovesnost za avstralskega igralca Heatha Ledgerja, ki je umrl 22. januarja v New Yorku. Od znanega igralca so se poslovile znane osebnosti iz Hollywooda in mnogi drugi zvesti oboževalci. Njegovo smrt je mrliški oglednik mesta New York označil za nasrečo, pripisal pa jo je toksični zmesi zdravil na recept in sredstev proti bolečini. Zvezdnik je umrl prejšnji mesec v svojem stanovanju na Manhattnu. Slovesnost je potekala v Penrhos College v avstralskem Perthu, udeležilo pa se je je več kot 100 ljudi, čeprav se je dejanskega pogreba udeležila le Ledgerjeva ožja družina. Pred pogrebom je Heathov oče, Kim Ledger, dejal, da bo »pogreb zelo zelo zaseben; tam bo le 10 ljudi, neposredna družina in nihče drug.«"
Žarki gama so oblika elektromagnetnega sevanja.,161,not_entailment,"Izbruhi žarkov gama so med najmočnejšimi predmeti, ki jih je moč videti v vesolju; označevali naj bi nastanek črnih lukenj. Swift je zasnovan, da izbruhe zazna in se avtomatsko reorientira tako, da zbira podobe in podatke o fenomenu."
Izbruh epidemije ebole v Zairu.,162,not_entailment,"Identificirani so štirje podtipi virusa ebole. Trije od štirih so povzročitelji bolezni pri ljudeh: ebolavirus zaire, ebolavirus sudan in ebolavirus slonokoščena obala. Četrti, ebolavirus reston je povzročitelj bolezni pri nečloveških primatih, ne pa pri ljudeh."
Lakers so osvojili prvenstvo.,163,not_entailment,Los Angeles Lakers so v sredini otvoritveni tekmi finala lige NBA povotili moštvo Indiana Pacers.
Delež zemeljskega plina v izraelskem energetskem sistemu trenutno znaša zgolj en odstotek.,164,entailment,Izrael namera povečati delež plina v energetski bilanci s trenutnega 1 odstotka na 25 odstotkov do leta 2025.
Rastline poleg zemlje rastejo tudi v drugih snoveh.,165,entailment,"Nekateri ljudje morda mislijo, da se rastlin ne da gojiti drugje kot v zemlji, a obstaja še ena pot."
Eljvir Duka prihaja iz Turčije.,166,not_entailment,"Moški, Dritan Duka, 30, Shain Duka, 28, in Eljvir Duka, 25, vsi nezakoniti priseljenci, so bili obsojeni na dosmrtni zapor brez možnosti pogojnega izpusta. Trojica, ki se je v Cherry Hillu, N.J., ukvarjala s krovstvom, je bila med petimi na tujem rojenimi muslimani, ki so bili decembra obtoženi načrtovanja napada na bazo približno 40 milj vzhodno od Filadelfije. Napada niso nikoli izvedli. Druga dva moška, ki sta bila spoznana za krivega, Mohamad Shnewer, v Jordanu rojen taksist iz Filadelfije, in Serdar Tatar, prodajalec v trgovini iz Turčije, naj bi obsodili v sredo."
Intel se bori za ključno mesto v digitalni dnevni sobi.,167,entailment,"Mikroprocesorski velikan Intel cilja na digitalno dnevno sobo z lastnimi različicami računalnikov za domačo zabavo, oblikovanimi kot domača medijska središča."
Ameriški raketoplan Atlantis pristal na vesoljski postaji Mir.,168,not_entailment,Ameriški raketoplan Atlantis je s sedemčlansko posadko v sredo zaključil sledenje Mednarodni vesoljski postaji (ISS) in se ob 12.05 EDT (1605 GMT) povezal z orbitalno postojanko.
Kongres želi okrepiti gospodarstvo.,169,entailment,"Predsednik ZDA George W. Bush in vodstvo kongresa iz obeh političnih strank so prišli do sporazuma glede davčne olajšave v vrednosti 150 milijard ameriških dolarjev, s čimer želijo spodbuditi gospodarstvo Združenih držav. Zgodbo ima korespondent VOA za Belo hišo Scott Stearns. Sporazum vključuje določbo povrnitve do 600 US$ milijonom prejemnikov plače in dodatno povrnitev 300 US$ za vsakega otroka. Podjetjem dovoljuje, da takoj odpišejo 50 odstotkov nakupa osnovnih delovnih sredstev."
Tisoči šiitskih muslimanov so se zbrali v mestu Basra na jugu države v podporo novi iraški ustavi.,170,entailment,"Tisoči šiitov so vkorakali v mesto Basra na jugu Iraka, da bi podprli novo ustavo in žalovali za 1.000 romarji, ki so umrli v stampedu."
Sofijin svet je prodajna uspešnica.,171,entailment,"Ob izdaji Sofijinega sveta leta 1991 je Gaarder doživel svetovno slavo. Sofijin svet je bil tri leta najbolje prodajana knjiga na Norveškem. Medtem ko njegova prva knjiga čaka na angleški prevod, pa je Sofijin svet uspešnica tudi v Nemčiji, Franciji in Veliki Britaniji."
David Vance živi v South Portlandu.,172,entailment,"Nekdanji uslužbenec podjetja, David Vance iz South Portlanda, pravi, da je Hooper preživel veliko časa na poti in se pogosto srečeval s strankami med Portlandom in Kitteryjem."
Clintonova knjiga se dobro prodaja.,173,not_entailment,Clintonova nova knjiga se tu ne prodaja dobro.
"Bush in Putin sta se strinjala, da Iran ne bi smel imeti jedrskega orožja.",174,entailment,"V iskanju skupnih stališč med občutljivimi razlikami v mnenjih o demokraciji sta se Bush in Putin v četrtek strinjala o novih prizadevanjih, da bi jedrska orožja ne prišla v roke teroristov in suverenih držav, kakršni sta Iran in Severna Koreja."
Chirac ne želi biti ponovno izvoljen.,175,entailment,"Ne bom iskal vaših glasov za nov mandat. S temi besedami je francoski predsednik Jacques Chirac (74) med radijsko in televizijsko oddajo ob 20h UTC oznanil, da je čas, da svoji državi služi na drugačen način. O objavi so krožile številne špekulacije in ni prišla iznenada. Uradna objava omogoča kandidatu večinske stranke UMP, Nicolasu Sarkozyju, več svobode v naslednjih šestih tednih, kolikor je še do predsedniških volitev v Franciji. Čeprav Sarkozy prihaje iz iste stranke kot Chirac in upa, da bo od njega prejel podporo, predsednik še ni izrazil naklonjenosti nobenemu kandidatu, ki ga bo nasledil, in Sarkozyja v govoru nikoli ni omenil."
Grobnica Aleksandra Velikega še vedno ni odkrita.,176,not_entailment,"V tridesetih letih prejšnjega stoletja so odkrili, da so bile kraljeve grobnice v Vergini nekdanja prestolnica Egeja. Leta 1977 je Manolis Andronikos odkril kraljevo grobnico, v kateri naj bi morda ležal Filip II. Makedonski, oče Aleksandra Velikega."
Oba kandidata v Iowi izvajata velik napad.,177,not_entailment,Oba kandidata v Iowi delata velike vzpodbude.
Clark je Jonesov sorodnik.,178,not_entailment,"Avto, ki je treščil v poštni nabiralnik, je bil last 68-letnega Jamesa Clarka, znanca družine Jamesa Jonesa."
Gvatemala sprejema živalske potne liste kot potrdila o cepljenju.,179,not_entailment,"Živalski potni list bo zadoščal za vstop v VB, a za mnoge države le to ne bo dovolj. Kot skoraj vse države tudi denimo Gvatemala zahteva, da so vse uvožene živali cepljene proti steklini, a živalskega potnega lista ne sprejmejo kot potrdilo za to cepljenje."
Vlaknine izboljšujejo nadzor nad sladkorjem v krvi.,180,entailment,"Če jeste veliko hrane, ki je dober vir vlaknin, lahko zaustavite prehitro rast glukoze v krvi po prehranjevanju."
Greenpeace je podal izjavo o rumenih varnostnih jopičih..,181,not_entailment,"Dva Greenpeaceova protestnika sta vstopila na CBI-jevo konferenco v Business Design Centru v Islingtonu, London, in zadržala govor premiera Tonyja Blaira, v katerem naj bi oznanil, da razmišljajo o nadalnjih jedrskih elektrarnah, ki bi izravnale naraščajoče cene plina, s katerimi se spopada gospodarstvo v VB. Protestnika, ki sta preko poslovnih oblek nosila rumene varnostne jopiče, sta splezala na tramove v stropu, držala napise »JEDRSKA: NAPAČEN ODGOVOR« in na delegate pod njima stresla »radioaktivne konfete«. Greanpeaceovca sta zagrozila, da bosta povzročila hrup in na premiera odvrgla izstrelke, če bo ta skušal izpeljati svoj govor."
"Tako g. Schroeder kot g. Zhu imata lahko velike koristi, če maglev uspe.",182,entailment,Kitajski premier Zhu Rongji in nemški kancler Gerhard Schroeder sta včeraj odprla prvi komercialni vlak na magnetno levitacijo (maglev); obe strani bosta lahko od njegovega uspeha imeli velike koristi.
Nathan Fien prebiva v Avstraliji.,183,not_entailment,"Novozelandska ekipa rugby lige (Kiviji) je izgubila dve tekmovalni točki, sidraš Nathan Fien pa ne sme več tekmovati v Gilette Rugby League serije treh narodov. Po razkritju njegovega rojstnega lista so se pojavile obtožbe, da Fien ne bi smel nastopiti za Kivije. Na zaslišanju je Mednarodna federacija rugby lige odločila, da Fien ne sme nastopati za Kivije, ker je po poreklu iz Avstralije. V Novi Zelandiji pa ni prebivala njegova babica, tembeč njegova prababica. Predsednik Mednarodne federacije rugby lige Colin Love je izjavil, da so Kiviji menili, da so prastari starši prav tako dobri kot stari starši."
"Preiskovalci so odkrili, da so serijam nezakonitih aretacij pogosto sledila izginotja ali umori, pred njimi pa so bila mučenja.",184,entailment,"Vir je dodal, da je preiskava dokazala, da so bile podlage za genocid »dopolnjene s serijami nezakonitih aretacij, ki so jim v nekaterih primerih sledille usmrtitve ali primeri izginotja, glede na podatke, dodane dokumentu, pa so bili pred njimi primeri mučenja.«"
"Hrvat in azijski Američan Michael Chang (številka dve) se bosta pomerila in upati je, da bosta tako popularizirala igro v svojih rodnih deželah.",185,entailment,"Hrvat bo imel konkurenco, še zlasti v Američanu kitajskega porekla, Michaelu Changu, ki je na drugem mestu v turnirju. Organizatorji upajo, da bo turnir prispeval k promociji tenisa v njunih državah."
"Patricia Arquette je pobrala naziv najboljše igralke za psihološko kriminalno dramo »Medij«, James Spader pa drugo leto zapored naziv najboljšega igralca za »Zvezde na sodišču«.",186,not_entailment,"Felicity Huffman in Patricia Arquette sta prvič osvojili emmija in osvojili častni naslov glavne igralke, Tony Shalhoub in James Spader pa sta se znova izkazala v kategoriji najboljših igralcev."
James Barker je obtožen posilstva iraškega dekleta in umora njene družine.,187,entailment,"Vojak James Barker, eden štirih ameriških vojakov, obtoženih posilstva iraškega dekleta in umora njene družine marca 2006, je v sredo v Fort Cambellu, Kentucky, priznal krivdo za posilstvo in umor."
Britanija je razjezila Argentino.,188,entailment,"Odnosi med Argenitino in Britanijo so se minulega maja ponovno poslabšali, ko se je Britanija odločila razširiti teritorialne vode na 200 milj okrog otoka Južna Georgija in Južnih Sandwichevih otokov."
Pibul je bil feldmaršal.,189,entailment,"Dr. Pridi je bil prisiljen v izgnanstvo, feldmaršal Pibul pa je znova stopil na oblast."
Sears Tower ima 110 nadstropij.,190,entailment,"Dvojčka imata po 88 nadstropij, Sears Tower pa jih ima za primerjavo 110."
Legalizacija drog prinaša koristi.,191,not_entailment,"Nekatera druga nasprotovanja legalizaciji kažejo na povečano nevarnost družinskega nasilja, brezobzirne vožnje, brezobzirne vožnje podzemnih vlakov itd."
Islamsko uporniško gibanje je znano tudi kot OTN.,192,not_entailment,"OTN profilira Hamas (Islamsko uporniško gibanje), ki je palestinska islamska fundamentalistična skupina."
Dojenje prinaša številne koristi.,193,not_entailment,Le 14 odstotkov ameriških mater otroka med priporočenim minimumom šestih mesecev izključno doji.
Estonia je izplula iz Talina.,194,entailment,"Za stotine družinskih članov, ki tičijo v hotelu nedaleč od stockholmskega trajektnega terminala, kjer naj bi v sredo zjutraj po nočni vožnji iz estonske prestolnice Talin pristala ladja Estonia, je bilo preloženo reševanje le zadnje v vrsti srceparajočih poročil."
Švedski premier umorjen.,195,not_entailment,Švedski minister za zunanje zadeve umorjen.
Jedrska elektrarna Sosnovi Bor doživela zaustavitev v sili.,196,not_entailment,Zaradi uhajanja sevanja na jedrski elektrarni v Yeonggwangu v provinci Južna Jeolla so pristojni včeraj elektrarno zaprli.
"Leta 1611 sta se kralj in njegov dvor končno preselisa iz Krakova (Krakow) v Varšavo, ki je tako postala prestolnica dežele Poljske.",197,not_entailment,"Leta 1596 se je poljski kralj odločil, da bo prestolnico premaknil iz Krakova v Varšavo in Varšavo tako naredil za najpomembnejše mesto na Poljskem."
"Delbert Ward je oblastem povedal, da je zadavil svojega brata.",198,not_entailment,"Deželni policijski preiskovalci so na preliminarnem zaslišanju pričali, da jim je Delbert povedal, da je bila smrt 64-letnega Billyja uboj iz usmiljenja."
Dve skupini za ohranjanje sta povečali populacijo črnega nosoroga.,199,not_entailment,"po podatkih skupne raziskave dveh skupin za ohranjanje, Svetovna zveza za ohranitev narave in Svetovni sklad za naravo, se je populacija črnega nosoroga povečala nad 3.600 živali. V zadnjih dveh letih se je tako povečala za 500 živali."
Legalizacija drog prinaša koristi.,200,not_entailment,"Naloga obravnava marihuano, krek/kokain, sredstva za pomiritev, halucinogene snovi, amfetamine, heroin, alkohol, nikotin in kafein, s čimer želi postaviti okvir za avtorjevo tezo, da legalizacije drog nikakor ne moremo označiti kot etično ali moralno."
Izbruh epidemije ebole v Zairu.,201,not_entailment,"Edinstvena značilnost prejšnih izbruhov ebole je bila ta, da je bolezen otrokom relativno prizanesla. Prvič je do izbruha nenavadne bolezni - hemoragične mrzlice ebola - prišlo v severni Ugandi, v okrožju Gulu."
65 držav se udeležuje olimpijskih iger v Lillehammerju.,202,entailment,"Organizacijski komite je povedal, da je k olimpijskim igram v Lillehammerju pristopilo 65 držav, prav toliko, kot jih je bilo na zimskih olimpijskih igrah leta 1992 v Albertvillu v Franciji."
Philip Morris je povečal tržišče v Rusiji.,203,entailment,"Philip Morris je največjo količinsko rast navedel v Nemčiji, Italiji, Franciji, Španiji, srednji in vzhodni Evropi, Rusiji, na Bližnjem Vzhodu, v Japonski, Koreji, Argentini in Braziliji."
Pri potopu trajekta je življenje izgubilo 100 ali več ljudi.,204,not_entailment,V uničujočih poplavah v mestu Johnstown je življenje izgubilo več kot 2.000 ljudi.
Lov na tjulnje ogroža vrsto.,205,not_entailment,"Za razliko od lova na tjulnje v Kanadi, kjer mladiče lovijo za krzno, lovci na Kitajskem tjulnje lovijo predvsem, da jih prodajo v živalske vrtove ali njihove genitalije uporabijo v tradicionalni kitajski medicini."
Turki si želijo Güla za predsednika.,206,not_entailment,"V odziv na trajajočo negotovost je evropski komisar za širitev opozoril turško vojsko glede vmešavanja: »Pomembno je, da vojska prepussti pristojnosti demokracije demokratsko izvoljeni vladi in to je testni primer tega, ali turške obrambne sile spoštujejo demokratični sekularizem in demokratično uredbo civilno-vojaških odnosov,« je povedal komisar Olli Rehn. Erdogan in Gül podpirata turška prizadevanja za priključitev Evropski uniji."
"McDonald's Corp., največja veriga restavracij na svetu, je povedla, ko je podjetje poročalo o zaslužkih, ki so presegli ocene.",207,not_entailment,"McDonald's je poročal, da se je globalna prodaja v njihovih restavracijah junija povečala za 6,2 %, v drugi četrtini za 6,3 % in za 7,1 % v letu doslej."
Scottova usmrtitev je povzročila Wolseleyjevo ekspedicijo.,208,entailment,"Scottova usmrtitev je privedla do zgražanja v Ontariu in je bila glavni pobudnik Wolseleyjeve ekspedicije, ki je Louisa Riela, sedaj označenega za morilca, prisilila, da pobegne iz naselja."
koalicijo koordinirajo ZDA.,209,entailment,"Avstralija je bila ena od držav v koaliciji pod vodstvom ZDA, ki je leta 2003 vdrla v Irak."
Peržane je napisal Ajshil.,210,entailment,"Ajshilu mnogokrat rečemo oče grške tragedije; napisal je najzgodnejše celotne tragedije, ki so se ohranile iz antične Grčije. Napisal naj bi več kot 90 tragedij, čeprav se jih je ohranilo le sedem. Med njimi je najbolj znana trilogija Oresteja. Prav tako znani so Peržani in Vklenjeni Prometej."
El-Našar je bil aretiran v Egiptu.,211,entailment,"El-Našar je bil 14. julija pridržan v Kairu po tem, ko so Britanci obvestili egipčanske oblasti, da sumijo, da ima morda povezave z nekaterimi napadalci."
Jaime Pardo Leal je bil ubit v Moskvi.,212,not_entailment,"Moskva (ZSSR), 12. julij 89 (PRAVDA)- V Kolumbiji teče kri; tam je bilo lani po uradnih statistikah 4.600 žrtev političnega nasilja, med njimi tudi Jaime Pardo Leal (predsednik kolumbijskega državnega odbora za usklajevanje), okrog 30 poslancev ter mnogi občinski svetovalci in župani."
Domači požari so pogost razlog nenačrtne poškodbe na domu.,213,entailment,"Domače nesreče s požari imajo pomemben vpliv na zdravje prebivalstva, saj prispevajo k zgodnji smrti, resnim nesrečam, v katerih pogosto pride do iznakaženj, in trajne invalidnosti. Z ognjem povezane poškodbe so vodilni razlog nenačrtnih poškodb na domu v vseh starostnih skupinah."
Poplavljanje v Evropi povzroča resne gospodarske izgube.,214,entailment,Katastrofalne poplave v Evropi ogrožajo življenja ter povzročajo človeške nesreče in ogromne gospodarske izgube.
Time Warner Cable je partner Sprint Nextel.,215,entailment,"Štiri ameriška kabelska podjetja, vključno s panožnima voditeljema Comcast Corp in Time Warner Cable, so vstopila na hitro rastoči trg brezžičnih tehnologij preko skupnga podjetja s Sprint Nextel."
"Analitiki so povedali, da g. Abbas potrebuje zmago z veliko razliko, če želi uveljaviti svojo agendo mirovnih pogovorov z Izraelom.",216,entailment,"Strokovnjaki menijo, da bo g. Abbas potreboval precejšnjo zmago, da bo pokazal, da ima podporo večine Palestincev in tako uveljavil svoje cilje mirovnih pogovorov z Izraelom."
Xochimilco je priljubljena turistična atrakcija zaradi chinampas oziroma plavajočih vrtov.,217,entailment,"Na jugovzhodni konici mesta je Xochimilco, še eno majhno mesto, ki ga je požrlo večje, priljubljena turistična točka zaradi chinampas oziroma »plavajočih vrtov«, iz trsja spletenih čolnov, na katerih indijanci gojijo rastline že od predkolumbijskih časov."
Zerich je med embargom kupil nafto iz Iraka.,218,not_entailment,Po navedbah Volckerjeve komisije je Zerich iz Iraka skupno nakupil nafto v vrednosti 422 milijonov dolarjev. Po propadu Sovjetske zveze je v zgodnjih devetdesetih Rich hitro postal najmočnejši tamkajšnji trgovec.
Everglades je širok 50 milj.,219,entailment,"Od vseh narodnih parkov v Združenih državah ni noben bližje velikemu urbanemu območju ali ima več težav kot Everglades, plitka, 50 milj široka reka trave, ki teče južno od jezera Okeechobee do Floridskega zaliva. Več kot generacijo je ta krhki naravni čudež žrtev v mreži posebnih interesov – kmetov, športnikov in približno 6 milijonov prebivalcev Južne Floride, ki potrebujejo pitno vodo in nadzor nad poplavami –, ki je prav tako zapletena kot sam ekosistem."
Gazi al-Javar je novi iraški predsednik.,220,entailment,"Paul Bremer, vodja ameriške civilne uprave v Iraku, in novi iraški predsednik Ghazi al-Yawar sta obiskala mesto Kirkuk na severu države."
Tajfun razdejal Filipine.,221,not_entailment,"Uradniki in državni mediji so poročali, da je bil tajfun Xangsane v nedeljo degradiran v tropsko nevihto, ko se je premaknil v notranjost države z osrednje vietnamske obale, kjer je ubil dva človeka, poškodoval najmanj 80 ljudi in povzročil škodo na stotinah domov."
"Včeraj je uradna preiskava potrdila, da Izrael zaradi pomanjkanja dokazov ne bo preganjal policije, ki je ubila 13 izraelskih Arabcev med propalestinskimi protesti leta 2000.",222,not_entailment,Izraelska sodna preiskava je izključila preganjanje policistov ki so med nasilnimi demonstracijami leta 2000 do smrti ustrelili 13 izraelskih Arabcev.
Christie's je ena največjih dražbenih hiš na svetu.,223,entailment,"Sotheby's in Christie's, sve najvplivnejši dražbeni hiši na svetu, sta si izmenjali zaupne sezname megabogatih strank, ki jim ni bilo treba plačevati stroškov, zaračunanih drugim prodajalcem, so povedali viri blizu podjetjema in federalni konkurenčni preiskavi, ki ju je zadevala."
Dean je izumil revolver.,224,not_entailment,"James Kerr je bil delovodja v tovarni orožja Deane, Adams and Deane. Robert Adams, eden izmed partnerjev in izumitelj Adamsovega revolverja, je bil Kerrov bratranec."
V vseh nemškogovorečih državah so potrdili pravopisno reformo.,225,entailment,"Obe strani imata prav. Nemški pravopis je potreben prenove: v teku desetletij je postal preveč tog. A reforma, ki so jo leta 1996 potrdile nemškogovoreče države, pravil ne olajša veliko in v nekaterih primerih je novi način še težji."
Brazilski predsednik je Luiz Inácio Lula da Silva.,226,entailment,"Po podatkih članov brazilskega sodišča bo proti predsedniku Luizu Ináciu Luli da Silvi morda sprožen obtožni postopek, če obstajajo dokazi, da je res vpleten v nekatere izmed domnevnih škandalov, ali če lahko kdo dokaže, da je ravnal malomarno."
Regina Shueller dela za italijanski časnik La Repubblica.,227,not_entailment,"Tiskovna predstavnica ECB Regina Schueller ni želela komentirati poročila v italijanskem časniku La Repubblica, ki je trdil, da bo svet ECB na sestanku 15. septembra obravnaval vlogo g. Fazia v boju za prevzem."
Oblaki z veliko hitrostjo so sestavljeni iz vodika.,228,entailment,"Med dokaze za trajajoče kopičenje plina ob Mlečni cesti spadajo oblaki z veliko hitrostjo (HVC) – skrivnostni skupki vodika, ki se hitro premikajo po obrobjih galaksije."
Pred mošejo je eksplodirala bomba.,229,entailment,"V petek zvečer je pred šiitsko mošejo v Iskandariji, ki leži 40 kilometrov južno od prestolnice, eksplodiral avtomobil bomba, pri čemer je ubil sedem ljudi, 10 pa jih je ranil, so povedali zdravniki, ki želijo ostati anonimni."
Škotski muzej je vrnil sujsko srajco duhov.,230,entailment,"Srajco duhov je nato leta indijanski tolmač podaril muzeju v Glasgowu, kjer je bila 100 let turistična atrakcija. Ko so potomci sujskega plemena leta 1995 sprožili peticijo za njeno vrnitev, je postala predmet spora o lastništvu. Društvo preživelih Ranjenega kolena, vključno s starosto plemena Lakota, je doseglo, da se srajca vrne plemenu."
Jemen je bil ponovno združen leta 1990.,231,entailment,Tudi Jemen je bil ponovno združen leta 1990.
