premise,hypothesis,label,idx
"Bil je kompleksen jezik. Ne zapisano, ampak predano. Lahko bi rekli, da je bil olupljen.",jezik je bil olupljen,entailment,0
"To je del njihove religije, religije, nad katero se ne posmehujem, saj vsebuje veliko elementov, ki se ujemajo z našo, čeprav nima resnice o naši. Na enem izmed svojih velikih festivalov imajo ritual izganjanja hudičev iz svojega telesa. Najprej pridejo bobnarji - lahko rečem, da nobena ženska ne sme sodelovati v tem ritualu in se bodo dame tukaj morda strinjale z mano, da imajo to opustitev srečo.",nobena ženska ne sme sodelovati v tem ritualu,entailment,1
"Železnica Pariz-Rouen se je podaljšala do Le Havra, proga pa je zarezala naravnost skozi deželo dr. Flauberta. Del bi ga bilo treba obvezno kupiti. Lahko bi rekli, da je Gustava v kreativni umik pri Croissetu prisilila epilepsija.",Gustava je epilepsija prisilila k ustvarjalnemu umiku v Croissetu,entailment,2
"Del bi ga bilo treba obvezno kupiti. Lahko bi rekli, da je Gustava v kreativni umik pri Croissetu prisilila epilepsija. Lahko bi tudi rekli, da ga je tja vozila železnica.",Gustava je železnica odpeljala v kreativni umik v Croisset,entailment,3
"Nekateri, na primer kmetija v Connecticutu, so precej majhni. Če mi je kraj všeč, ga kupim. Mislim, da bi lahko rekli, da je to hobi.",nakup mest je hobi,entailment,4
"Poglej, draga moja, še nisem na svojem mestu in vem, da sem godrnjavec in pritožnik. Lahko bi rekli, da imam edino obliko tolažbe moje pritožbe.",edina oblika tolažbe je njegova pritožba,entailment,5
"Potem je tišina v živalskem vrtu postala popolna. Woil je strmel okrog njega in se nato nenadoma s pritiskom kril dvignil v zrak, se obrnil in pristal deset metrov stran na hrbtni strani zelene klopi. Creggan je videl, da se boji in da ga strah povzroča strašno negotovost.",Woil se je bal,entailment,6
"A to seveda preprosto ni bilo mogoče. Njeno razočaranje nad Jonathanom, ki jo je sprva odpeljal v Francijo, se je nekje spustilo na misel. Zdaj je za nazaj videla, da bi bila poroka z njim grozljiva napaka in da je imela njena reakcija na to, da je videl druge ženske, medtem ko je bil zaročen z njo, veliko več opraviti z ranjenim ponosom kot z ranjenim srcem .",zakon z Jonathanom bi bil grozljiva napaka,entailment,7
"Tako kot zdaj. Skupnost v Knockglenu bi glasno branila Evo. Celo nekatere sestre v Dublinu bodo morda videle, da ima dekle točko.",deklica je imela bistvo,entailment,8
"»Treba jih je zdrobiti, Bobkins!« Tako je rekla, da se je odpravila po gramozni poti in povzročila takšen hrustljav hrup, za katerega je Robert menil, da bi ga lahko ustvaril samo oddelek za zvočne učinke BBC. Ko sta zaokrožila rob stavbe, je videl, da je za hišo prostrani vrt.",za hišo je bil prostrani vrt,entailment,9
"»Ali vas moti, če uporabim vaš telefon?« Ronni je videl, da Guidovi možgani vrtijo.",Guidoovi možgani so vrteli,entailment,10
"&quot;Poglej, gospa, daj mi počitek. Samo dostavim stvari, ne intervjuvam jih za nedeljske časopise. &#39;&#39; Zamahnil ji je s papirjem in tudi na daljavo je videla, da piše zelo malo.",časopis je povedal zelo malo,entailment,11
"&quot;Kaj takega ste že slišali. Ali nisi, Jimmy? &#39;&#39; Jimmyja so tisti zvoki bolj pretresli kot ostali z dobrim razlogom, toda Cardiff je videl, da tega ni pripravljen pokazati, ko se je odrinil od recepcije.","Jimmy ni bil pripravljen pokazati, da je bil pretresen",entailment,12
"To je bila Alanova ideja. Iz tega se je kislo pošalil, da morata počakati do poročne noči. Carolyn se je strinjala, ker je videla, da misli resno, čeprav ni razumela, zakaj.",Alan je mislil resno,entailment,13
"In zakaj bi se vseeno trudil pisati? Kaj je bilo za povedati? Marija je imela nekaj nejasnih idej, da bi lahko Adamovi starši sumili, da je tu spodaj, in ga prišli pogledat.",Adam je bil tu spodaj,entailment,14
"&quot;In te obleke nimaš,&quot; je rekla Nora in se sklonila, da bi pogledala ceno. &quot;To sta dve gvineji in pol!&quot; Je siknila na Louise, ki je lahko ugotovila, da je resnično zgrožena.",Nora je bila resnično zgrožena,entailment,15
"Pozdravila je Alice in Alice je pozdravila. Bila je tanka in precej visoka, z zelo obloženim nežnim obrazom in belimi lasmi, ki jih je Alice videla nekoč, da so bile blond. Lahko bi tudi povedala, da je to Tinina mati, preden je gospa Darne odšla po prehodu, ki je vodil do ravnateljevega stanovanja.",to je bila Tinina mama,entailment,16
"Mogoče bi sedela celo popoldne, grizljala in omamljala, izčrpana, a ne zaspana. Toda steklar se je končno spustil iz zgornjega nadstropja in veselo sporočil, da je zdaj vse v redu in da bo na poti. Maggie je lahko ugotovila, da bi se rad ustavil na klepetu, da bi se ji smilil, ker jo je pustila sama, vendar ji ni manjkala niti babičina milina niti materina energija, zato mu ni ponudila čaja.",steklar bi se rad ustavil na klepetu,entailment,17
"Jim je čakal. Dolgo je čakal in ko je mladi zdravnik končno prišel ven, je bila skoraj tema. Jim je kljub vsemu po zaskrbljenem obrazu razbral, da je nekaj narobe.",nekaj ni bilo v redu,entailment,18
"»Da?« »Nathan?« Lahko je rekel, da je bila linija na dolge proge tako prodnata in votla, vendar ni prepoznal glasu.",klic je bil na dolge razdalje,entailment,19
"Chopra je nestabilno stal na nogah. Menjalnik oblik se je od navdušenja omejeval. Chopra bi lahko ugotovila, da se je nekaj zgodilo.",nekaj se je zgodilo,entailment,20
"Zdelo se je nemogoče, da bi kdo zdržal takšno bolečino tako dolgo, toda končno so vrata Renaulta zaloputnila in zavladala je primerjalna tišina. Motor se je zagnal in silovito zavrtel, ko je avto na ozki cesti zavil. Janez je vedel, da so ga vozili nazaj v hrib proti Putni.",avto je vozil nazaj v hrib proti Putni,entailment,21
"Takoj, ko pomisliš, da si vse poravnal, pride Norec s prašičjim mehurjem in te zadene po nosu. Mimogrede, nisem idiot. Lahko bi rekel, da me Gillian in Stuart nista navdušila, ko sta me videla na letališču.","Gillian in Stuart nista bila navdušena, ko sta jo videla na letališču",entailment,22
"Dovolj čuden je, da me je slekel, ne da bi razmišljal, v skladu z nekaterimi norimi predstavami o &quot;pravilni&quot; stvari. Morda je mislil, da ne morem ležati v postelji s svojimi oblačili.","ni mogla ležati v postelji, oblečena",contradiction,23
"Se pravi, nisem dovolj upošteval dejstva, da je takrat gospod Farraday užival v lahkotnem, šaljivem pogovoru. Ko bi vedel, da je to njegovo verjetno razpoloženje, ko sem včeraj popoldne prinesel čaj, in ker se zavedam njegove splošne nagnjenosti, da se v takšnih trenutkih pogovarja z mano, bi bilo gotovo pametneje, da gospodične Kenton sploh ne bi omenil. Morda pa boste razumeli, da se je moja naravna težnja spraševala, kaj je navsezadnje velikodušno naklonjenost mojega delodajalca namignila, da je za mojo prošnjo obstajal dober poklicni motiv.","z njene strani je bila naravna težnja, da bi namignila, da za njeno prošnjo stoji dober poklicni motiv",entailment,24
"Ampak ne preveč dolgočasno. Ko bo objavljen, bomo vsi videti nekoliko tvegani, če ne bomo prilagodili tega, kar je navsezadnje znano predvsem kot moj lasten dizajn galerije. Prav tako sem nekoliko starejši od vseh vas, toda morda razumete, da ne bi rad padel mrtev brez ustrezne in javne izjave.",noče umreti mrtev brez ustrezne in javne izjave,entailment,25
"Z veseljem bi rad vedel, ali so Evropejci ali Američani, vendar naglasov nisem mogel slišati. Videti je bilo, da se prepirata. Upal sem, da mu belci niso rekli, naj izloči vse priče, ker ne verjamem, da bi bilo treba veliko prepričati.",odprava vseh prič bi potrebovala veliko prepričevanja,contradiction,26
"A škoda je bila storjena, kar zadeva mojo vero, verjetno zaradi tega sem ponorel. Kakorkoli že, tista božična noč je potrdila moje najhujše strahove, kot da je bil to nekakšen &quot;kraljevski flush&quot; za dojenčka Jimba. Vsi trije kralji - Pa Božiček in Kralj kraljev - vsi skupaj ... In če sem iskren, ne verjamem, da ima kdo od njih možnost, da se kdaj vrne z mano.","kateri koli od treh kraljev ima možnost, da se kdaj vrne z njim",contradiction,27
"Videl je nekaj, kar bi moral imeti, to je bil avto, ki je zapeljal s trga Soho in prišel za menoj. Desna noga je lebdela nad stopalko za plin in Armstronga sem uravnotežil na sklopki. Nisem bil tako prepričan kot Malpass, da Nevilu ni škoda.",Nevil ni bil brez škode,contradiction,28
"Se je vprašal Jed. Od noči, ko sta skupaj večerjala v hiši v Westwoodu, ga je komaj pogledal. Tudi nihče ga ni omenil in Jed ni menil, da bi moral vprašati.",Jed bi moral vprašati,contradiction,29
"Toda kaj dobrega je prineslo vedenje, da se je ženska ubila? Otroci, ki so utrpeli travmo, bi to izkušnjo preživeli, v njej so bili brazgotini in nekoliko pomanjkljivi. Nikoli ne bi pozabili, da so si en teden predstavljali, da je bilo storjeno umor.","teden dni so si otroci predstavljali, da je bilo storjeno umor",entailment,30
"Nora je izračunala, da mora biti zgoraj samskih moških, zato se je odločila, da je idealen za &quot;lov na ljudi&quot;, kot smo mu rekli, čeprav je bila cena vlaka resna stvar. Spomnim se, da smo se nekega sobotnega jutra skupaj navdušili nad Eustonom, da bi vstopnico kupili vnaprej. Bila je skrivnost - če bi moji starši vedeli, da odhaja sama, bi kmalu nanjo postavili kybosh.",Nora je odhajala sama,entailment,31
"Njegova mama, ki je vozila avto, tako vesela, mladostnega videza in modno oblečena, oče, velik, samozavesten moški v pametni obleki, nasmejan in obrnjen, da nekaj reče Simonu na zadnjem sedežu. Marie je mislila na lastno mamo s svojimi neprijetnimi oblačili in postaranim, obloženim obrazom. Nihče ne bi mogel uganiti, da je imela le dvainštirideset let.",Mariejeva mati je bila stara le dvainštirideset,entailment,32
"&quot;Upam, da se boste ustalili in da je mačka dobro.&quot; To je bila laž. Ni upala, da je mačka dobro.",mačka je bila dobro,neutral,33
"Jane je jedla, ne da bi se ustavila. Lakota je bila neznana izkušnja. Nikoli si ni predstavljala, da bi to dejansko lahko bolelo.",lakota bi dejansko lahko škodovala,entailment,34
"Gospodična Martindale je imela šolo, vendar so njene toge ideje in stroga manira prestrašile otroke in starši so jih odpeljali. In šola je postopoma propadala, dokler je ni morala opustiti in se upokojiti, da je dneve v beli koči končala z neizogibno mačko kot edino spremljevalko. Breeze si ni predstavljal, da je kopanje tako težko delo.",kopanje je bilo tako težko delo,entailment,35
"&quot;Ni vam treba skrbeti. Popolnoma ustrezno smo pod nadzorom. Rosa je ženska strogih moralnih načel. «Če ve, da sem tukaj, verjetno zdaj lebdi pred vrati.",tu je notri,entailment,36
"Rekel sem, da ste jezni, da ste obiskali ta čas. To je svetovni dogodek. Ali ne veste, da so Benetke polne obiskovalcev?",Benetke so polne obiskovalcev,entailment,37
"In kar je rekla in še naprej govorila tiho, mirno, učinkovito, je, da ima rada Maggie. Bila je pozorna. Ob osmih Maggie ni vedela, da je njena babica znana, videla pa je, da imajo ljudje nekaj, kar je v njihovi maniri, ko pogledajo Rachel.",Maggieina babica je bila znana,entailment,38
"Na sprehajališču in v bližini mesta so videli gospodično Lavant, ki je vedno hodila počasi, včasih s čisto pleteno košaro. Kate je pogosto mislila, da je lepa. Ni vedela, da je zaljubljena v dr. Greenslade, ki je že imela ženo in tri otroke.",Gospodična Lavant je bila zaljubljena v dr. Greensladea,entailment,39
"Ali je nameraval, da vsi v gradu vedo, da si žene, s katero se je poročil, ne želi tako naglo? Ali jo je nameraval popolnoma ignorirati? Potem je Isabel zagledala Ellenin osupli obraz in ugotovila, da njena služkinja vsaj ni vedela, da je prenočila sama.",Isabel je prenočila sama,entailment,40
"Večina mladih, približno njegovih let, je stala in se pogovarjala, pila in smejala. Dve dekleti, ki jih je prej opazil, sta stali in se pogovarjali z nekaterimi drugimi dekleti. Graham je upal, da so vsi to spoznali, ker samo zato, ker je stal v pogovoru s Slaterjem, še ne pomeni, da je tudi gej.",Tudi Graham je bil gej,contradiction,41
"Rekel je, da morda še nisem pripravljen vstopiti v stranko. Terryjeva strast do enakosti je pritegnila moj čistejši um, njegovo sovraštvo do obstoječe avtoritete pa moje zamere. A čeprav sem sovražil neenakost, to še ni pomenilo, da bi rad z mano ravnal kot z drugimi.","želel je, da z njim ravnajo kot z vsemi ostalimi",contradiction,42
"&quot;O, moja uboga Folly ... Skupaj sva že pet let, Lexy in jaz - to družbo praktično drži skupaj. Seveda sem ji dal &quot;A&quot;. A to še ne pomeni, da imam zvezo z njo.",ima afero z Lexy,contradiction,43
"Kljub temu se ji je srce stisnilo ob misli, da bi preživela večer z njim v njegovem sedanjem duševnem stanju, zato jo je zamikalo, da bi si izmislila vneto grlo, da bi se rešila. A pri poslu Puddephat mu je bil v veliko pomoč, je priznala sama sebi, njegova razpoloženja pa so bila nepredvidljiva - do prihoda v kino bi bil morda na vrhu sveta. &quot;Še vedno sem navdušena, če si,&quot; je rekla, pretvarjajoč se, pretvarjajoč se, da ni opazila, da bi bilo kaj narobe.",nekaj je bilo narobe,entailment,44
"Kako mora biti, če bi bili tukaj zaprti, dan za dnem, mesec za mesecem? Zanima me, ali jih drži vklenjenih in oklepanih, je pomislila Fenella ali pa uporablja čarovništvo? In tako popolnoma potopljena je bila v to čudno modro in zeleno deželo, ki se ji ni več zdelo nenavadno, da niti opazila ni, da tehta čarovništvo proti jeklenim verigam in resno razmišlja o verjetnem izidu.",Fenella je tehtala čarovništvo proti jeklenim verigam,entailment,45
"Strasbourg, Dunaj, Bukarešta, Istanbul, ne ustavi se, ne ozira se nazaj. Videl sem jo, kako je vrgla na novo zarezane kodre, ko se je odprti roadster odpravil proti vzhodu, stran od Ollieja ... Začasno mi je uspelo postaviti mojo šaljivo fasado, v notranjosti pa me je zagrabila panika. Lahko bi jo odpeljal. Mislil sem, da lahko stori, da ima tako moč, da me poškoduje, to majhno krzneno bitje, ki sploh ni opazilo, da sem opustil plevel.",odrekel se je plevelu,entailment,46
"Ta - traktor, fantje in žarnice na zemlji - so vedeli, da se je odločila zanje in se vračala k njim. Seveda je še vedno obstajala ljubezen, obstajala je zdrava, naraščajoča ljubezen in njeno ime se je imenovalo Delo. Vanjo se je zaljubila tako počasi, nežno in sladko, da nikoli ni opazila, da se je to zgodilo.",zgodilo se je zaljubljenost,entailment,47
"Po dvanajsti piki, dve tretjini strani po strani, prepis te dolge seje zapusti prazen papir. Predvidevam, da se je zgodilo to. Še naprej je gledal skozi okno in razmišljal, ona pa je še naprej strmela vanj, čakajoč tako prevzeto, da nobeden od njiju ni opazil, da je traku zmanjkalo.",traku je zmanjkalo,entailment,48
"&quot;Njegovo ime je Matthew Blake,&quot; je Mandy obvestila Charity, ko sta se spustila po stopnicah iz svoje kabine na tlakovano pot, ki je vodila do doma. Na srečo sploh ni opazila, da se je Charity spremenila iz modrega ovitega krila in je zdaj nosila rdeče kratke hlače z belo svileno bluzo.",Dobrodelnost se je spremenila iz modrega ovitega krila,entailment,49
"&quot;Ti&quot; novi tihotapci so nevarna skupina, kar sem jih že slišal! &quot; njegova strahopetnost. In pirati so bili tako zasedeni, da so razpravljali o problemu in kaj bi storili z nagrado, če bi jo osvojili, da niso opazili, da jih z zgornjega okna opazuje nihče drug kot novi župan in njegovo spremstvo.",pirate je z zgornjega okna opazoval nihče drug kot novi župan in njegovo spremstvo,entailment,50
"Ockleton, Morpurgo, Cornelius, Dysart in pol ducata drugih, preveč pijanih, da bi jih lahko omenili. Toda toliko je prihajalo in odhajalo, da bi se lahko kdo od nas izmuznil, potisnil Everetta skozi okno in spet zdrsnil nazaj, ne da bi ga opazili. Prekleto, sploh nismo opazili, da je Everetta pogrešal, dokler se v kvadratu ni spotaknil nosač, tako da je vse teoretično mogoče.",Everett je bil pogrešan,entailment,51
"Njegovi lasje so bili beli, kot sta poročali moji hčerki, ko sta šli ogledat telo, preden je bilo dano Odonati. Zdaj je znan kot Človek, ki je spremenil svet in kipi so mu povsod. Nihče se ne spomni, da je imel mlajšega brata.","Človek, ki je spremenil svet, je imel mlajšega brata",entailment,52
"Oh, sem, sem! Imel sem srečo. Želel bi si brate in sestre, vendar se ne spomnim, da sem bil kdaj osamljen.",je bila kdaj osamljena,contradiction,53
"Njena čudovitost. Občudujem ga. Vem, da dela napačno, poskuša organizirati življenje drugih ljudi, ne vidi pa, da je gospod Knightley človek z milijonom.",Gospod Knightley je človek na milijon,entailment,54
"Samo ona sama je poznala zle misli, ki jih je imela, in kako brez truda jih je bilo mogoče prevesti v dejanja. „Naredila si bom skodelico čaja.“ Ne, Petru ni rekla, da je oseba, ki jo ima najraje na svetu, mrtva.","oseba, ki jo je Peter ljubil najbolj na svetu, je bila mrtva",entailment,55
"&quot;Ni tvoj dan, kajne, draga?&quot; &quot;Ne, vendar jih je treba opraviti in Shirley pripravlja čaj.&quot; knjižnica.",Ianthe je moral včasih prašiti knjige v knjižnici,entailment,56
"Občasno je vlekel, roke so bile utrujajoče. Conker je malo upočasnil, a veje so prihajale prehitro, moral se je nagniti desno naprej in ni mogel uporabljati rok. Spomnil se je, da so imela vrata na koncu proge čas, da upajo, da so odprta, ker ni mislil, da bi jih Conker lahko skočil.",Conker bi lahko skočil na vrata,contradiction,57
"Ampak na koncu ga je pojedel sam. Mame nisem želela poljubiti, saj sem se bala, da bi me nekako okužila njena šibkost in nesreča. Seveda niti minute nisem pomislil, da bi jo moje življenje in duh lahko spodbudil.",njeno življenje in duh bi lahko spodbudil mater,contradiction,58
"&quot;Ely,&quot; sem rekel (to je bilo njeno ime in prvič sem ga uporabil), &quot;želim biti svoboden.&quot; Videla je osuplo. Mislim, da o tem ni razmišljala.","Ely je mislila, da želi biti svoboden",contradiction,59
"Žal mi je, postavil sem te v neprijeten položaj. Če vas vodi Morton, bo hotel vse to slišati. Ne bo škodilo, vendar mu raje ne dam hrane za premislek, ker ga imam za idiota in mislim, da ga ni sposoben pravilno razlagati.",Morton je sposoben pravilno razlagati to hrano za razmišljanje,contradiction,60
"Veliki Norvežan je zamahnil z glavo. »Jeg fonstAr ikke.« Mislim, da se mu Wardov naglas sploh ni zdel lahek in tako ali tako je kot mnogi tujci lažje govoril angleško kot razumel.",velikemu Norvežanu se je Wardov naglas sploh zdel lahek,contradiction,61
"Res ne veste ničesar o meni, kajne, kljub vsemu temu, kar se mi vali v mislih? Zdi se mi, da nisem prava oseba, ki bi človeštvo vodila v prihodnost.","je prava oseba, ki človeštvo vodi v prihodnost",contradiction,62
"Tam vadijo bendi. Ne morem se spomniti, v kateri skupini je Petra, vendar sem jih enkrat videl, kako vadijo. Bili so v redu, vendar se mi ni zdel briljanten.",Petrina skupina je bila briljantna,contradiction,63
"Težko je požirala, saj ni bila prepričana, ali ima dovolj živca. Odločil jo je spomin na sinočnjo bolečino v Tarinih očeh. Je res pričakoval, da bo verjela, da je bila Tara samo gospodinja?",Tara je bila samo gospodinja,contradiction,64
"Če so takrat v službi žgane pijače, prihajajo samo od vas, ne pa iz kadila. Zakaj naj bi duhovi pomagali živim bitjem? Kakšna aroganca je tisto, kar ljudi žene k prepričanju, da imajo lahko oblast nad njimi?",ljudje imajo moč nad duhovi,contradiction,65
Zakaj bi morala biti ta tema pomembna? O vsem drugem ste govorili kot običajno. Zakaj bi se mi zdel Maelmuire pomemben?,Maelmuire je pomemben,contradiction,66
"V teh spreminjajočih se časih je zelo dobro prilagoditi svoje delo tako, da prevzame naloge, ki niso tradicionalno v okviru našega področja. Toda zafrkancija je povsem druge dimenzije. Na eni strani, kako bi zagotovo vedel, da je v danem trenutku resnično pričakovan takšen odziv?",v danem trenutku je resnično pričakovan takšen odziv,neutral,67
"Toda groza izgube je bila tako povezana z denarjem kot s ponosom. Biddy jih ni nikoli pustila na cedilu, brez slabega vremena so prišla vselej zaradi slabega vremena in zdaj je Nails že intenzivno vodila tečaj na svojem konju, ki je bil v denarju vreden še nekaj sto funtov. A zagotovo je vedela, da ne morejo plačati, če bi to zahtevala?",niso mogli plačati,entailment,68
"Tako hitro sem se spuščal, da nisem bil prepričan, ali me je videl ali ne, toda dalo mi je bodeč občutek, samo da bi si to predstavljal, zato sem odkorakal do vrat in tri korake naenkrat dvignil po spiralnem stopnišču, samo v primeru. Ko sem tekel, se spomnim, da sem mislil neumne misli. Kako je vedel, da sem zgoraj gledal dol?",bil je zgoraj in gledal dol,entailment,69
"V središču vesolja je krutost. Smo plenilci in na nas plenijo vsa živa bitja. Ste vedeli, da ose odlagajo jajčeca v pikapolonice, ki prebadajo šibko mesto v oklepu?",ose odlagajo jajčeca v pikapolonice,entailment,70
"`` Hotel sem ti povedati. Toda Bookman me je prosil, naj najino srečanje ostane tajna. «» Kako ste vedeli, da sem ga spoznal?",srečal je Bookman,entailment,71
"Odtrgala jih je z jezno pestjo. Bila je neumna, če je pustila, da se kdo okrog nje. Koliko časa preden se je naučila, da bodo ljudje vedno izkoristili slabosti?",Ljudje bodo vedno izkoriščali slabosti,entailment,72
"Na koncu se je odločila, da se z zaskrbljenostjo ne da ničesar pridobiti. Verjetno je obstajala kakšna precej nedolžna razlaga, ki ji jo bo dal Roger Kenyon, ko bo denarnico vrnila - če je bila res njegova. In vendar, zakaj se je njegov način tako nenadoma spremenil, ko je izvedel, da bo deklica, ki ji je rešil klobuk, živela v Sunset Cottageu?","deklica, katere klobuk je rešil Roger Kenyon, bo živela v koči Sunset",entailment,73
"Anna je spet pogledala Petra in si s hudim šepetom rekla: »Ali bo postal še težji?« Spraševala se je, ali bi neznanec lahko videl, da je težaven, samo s pogledom. Ali bi tak človek, ki Petra zdaj s svojim prijetnim glasom bere molitve obreda B, opazil, da mu zamera leži kot kri tik pod kožo, ker se življenje, ki si ga je izbral, ni izteklo tako, kot je pričakoval?",zamera je ležala tik pod Petrovo kožo,entailment,74
"Žan je bil žilav in je rad pil. Še dolgo bi zdržala. Toda kaj bi storila, ko bi ugotovila, da s stvarmi, kakršne so bile, ne dobi le začasne prekinitve bistvenega užitka?",Jean je bil na dosmrtnem zaporu,entailment,75
"&quot;Pametno&quot;. Klug pomeni &quot;pameten&quot;. Bi rekli, da je bila Abie pametna?",Abie je bila pametna,neutral,76
"Susweca. Veste, v Siouxu pomeni &quot;kačji pastir&quot;. Sem ti že kdaj rekel, da sva se s Paulom srečala?","Susweca sta tam, kjer sta se spoznala s Paulom",entailment,77
"Kako veš? nameravala bo vprašati, a njegov nasmeh je bil dovolj odgovor. Če bi DeVore rekel, da bo prosto delovno mesto, bi bilo prosto.",prosta delovna mesta,entailment,78
"Ni vedela, ali so si dali dovolj časa za premislek, preden sta se poročila - to je bilo vprašanje, ki ga je postavila njena sestra Louise. Edward je malo ostal v Engineers, nato pa je prišel ven in ni bil zelo uspešen pri iskanju službe, ki bi mu ustrezala. To ni bila njegova krivda in če bi kdo rekel, da je to Nenna, bi se vseeno počutil kot luknjo vanje.",kriv je bil Edward,contradiction,79
"V tistih zasedenih dneh je bila dvorana naših hlapcev pogosto priča srečanju nekaterih najboljših strokovnjakov v Angliji, ki so pozno v noč govorili ob ognju. Včasih bi seveda prihajalo do močnih nesoglasij, a pogosteje kot ne je v ozračju prevladoval občutek medsebojnega spoštovanja. Morda bom boljše predstavil ton teh večerov, če rečem, da so redni obiskovalci med drugim imeli gospoda Harryja Grahama strežnika Sir Jamesu Chambersu in gospoda Johna Donaldsa gospodu Sydneyju Dickensonu.","med rednimi obiskovalci so bili tudi gospod Harry Graham, uslužbenec strežnika, Sir James Chambers",entailment,80
"V tem letnem času ni veliko, bilo je suho poletje in voda ne spušča veliko. Recimo pol vozla - in to je verjetno pretirana ocena. Če pravite, da se prosto plavajoče telo - in uteži bi tam malo pomagale, ker bi ga ohranile pod vodo in brez vetra - v povprečju premakne navzdol malo pod dva vozla, ne bi bodi daleč narobe.",prosto plavajoče telo se giblje navzdol po odtoku v povprečju malo pod dva vozla,entailment,81
"Vendar bom dovolil, da ginekozni odpadnik ostane pod enim pogojem. Če Penumbra vpraša koga od nas, ne bomo lagali. Če sumi, da je Crevecoeur tukaj, in prosi, naj ga pustimo nazaj.",Crevecoeur je tukaj,entailment,82
"To je bila čista izguba časa. Verjetno bi pristal in jim nato rekel, naj hodijo nazaj. Ko ga je spet pogledala, je bil videti zelo mračen in vprašala se je, ali bi morala povedati Mitchu, da bi lahko imel veliko priložnosti za fotografiranje Španije - peš, ko se je vračal v Malago.",Mitch bi lahko imel veliko priložnosti za fotografiranje Španije,entailment,83
"Nicky se je nanjo obrnil z domnevo, da imajo moški naravno prav in je vloga žensk, da sledijo njihovemu vodstvu. Constance, čigar samozavest je vsak dan naraščala, ni bila pripravljena popustiti Nickovim željam zgolj zaradi svojega spola. Če je čutila, da ima prav, se je strinjala z njim.",Nicky je imel prav,neutral,84
"Vaša poštenost se sveti iz vašega obraza, draga moja. Nisi ti kriv, da si cinični moški, kakršen sem jaz, ne pustijo verjeti, kar vidijo! Želim si le, da bi verjeli, da je bila Eddiejeva smrt nesreča in da z mano nima nič skupnega.",Eddiejeva smrt je bila nesreča in z njim ni imel nič skupnega,entailment,85
"Ne morem si privoščiti, da bi zašel v plevel. Ampak vsaj veste, da je odšla. Mogoče je naključje morda deklici, ki sta se pogovarjali po telefonu, odločilo, da imata dovolj.",dve deklici sta imeli dovolj,neutral,86
"Podeželske cerkve niso bile nikoli zaklenjene. Lahko se kadar koli sprehodite. Morda je Cromwell, ko je minil, našel tudi vrata Coldingham Prioryja zaklenjena in se odločil, da bo vseeno vstopil, četudi bi to pomenilo odstraniti celo steno.",Cromwell bi vseeno vstopil,entailment,87
"Hrepenela je po orožju, celo po lasnici in vedela, da ga nima, je tudi vedela, da je popolnoma brez obrambe, neoborožena in sama. Čutila je velik zmajev let in začutila je, da je visoko v zraku in da hitro potuje proti sončnemu zahodu. Čutila je, kako velike mišice zmajevih kril pošiljajo valove po želodčnih stenah in se je predala smrti.",velike mišice zmajevih kril so poslale valovanje po želodčnih stenah,entailment,88
"»Molly je všeč, da ima občinstvo za svoje pravljice in jim minejo ure.« Ko je konec avgusta gospodična Louisa doživela drugo težjo kap, gospodična Ellen pa še en srčni napad, sta obe gospe umrli v nekaj dneh drug drugega. Njihovi prijatelji so lahko čutili le, da je bila smrt usmiljena v okoliščinah, še posebej ob neizbežni vojni, in da je Molly zelo razveselila zaključne mesece njunega življenja.",smrt je bila v teh okoliščinah usmiljena,entailment,89
"Jožef je pljunil in razmetaval kri. Izgubil je dva srednja zgornja zoba in s konico jezika je čutil, da sta oba na obeh straneh tudi ohlapna.",oba zoba na obeh straneh sta bila tudi ohlapna,entailment,90
"Všeč mu je bilo tudi plavanje in kolesarjenje. Dejal je, da je pisal zgodbe, čeprav je moral priznati, da še nikoli ni prišel dlje od prvih dveh strani. Willie je medtem med temi pogovori ne samo molčal, ampak je počasi nabiral svoje jagode, da bi lahko pozabili, da je bil tam, vendar je računal brez Zacha.",Willie je bil tam,entailment,91
"»Za božjo voljo, zadržite jih na svojih mestih. Če bomo prišli v paniko, bodo ljudje zdrobljeni do smrti in na parkirišču bo zmeda. «Napovedovalec je lahko le ugibal po nujnosti glasu policijskega nadzornika, da je bila situacija zelo resna.",razmere so bile zelo resne,entailment,92
"O poslušal. Ko je poslušal, je začutil moškega. In slišal je, da se pesem skoraj spreminja v jok.",pesem se je skoraj spremenila v jok,entailment,93
"Kako je Selden vedel, da mu gonja sledi? Vemo, da je pretekel daleč. Dolgo je kričal, preden je padel in slišali smo lahko, da je tekel, ko je kričal.","Selden je tekel, ko je kričal",entailment,94
"Tistega večera se je Shannon izognila Daneu, vse prej kot na prstih, odločena, da ne bo več pristajala. Od zdaj do konca tega snežnega obleganja bi preprosto živela pod isto streho, a se držala svoje strani nevidne pregrade, se je odločila. Lahko je samo upala, da bo tudi on storil enako.",Dane bi storil enako,neutral,95
"Potem je zajokalo. Bila je druga punca. Bil sem nekoliko razočaran, vendar sem lahko le upal, da je bila Celia še vedno nekoliko motna zaradi mamil.",Celia je bila še vedno nekoliko motna od mamil,neutral,96
"Matthew je zajahal, ko se je počutil nekoliko bolj v miru s sabo. Obšel je smrekov nasad in menil, da bi moral v nekem trenutku povedati Sari o tem. Lahko si je predstavljal, da bi jo konec leta zanimala nagnjenost k ustvarjanju denarja.",Konec leta bi Saro morda zanimala nagnjenost k ustvarjanju denarja,entailment,97
"»To je dobro.« Ruth jo je gledala. Rachaela si je lahko predstavljala, da bi bila Emma vse čestitke in ženske radosti.",Emma bi bila vse čestitke in ženske radosti,entailment,98
"Meh &#39;Lindi ni razvil spodnjega sklopa rok niti kostnega, vijugastega repa. Preveč je pričakovati, da ji bo iz reber zrasel nov par rok ali da se bo njena trtica tako izjemno podaljšala. Tudi Jaq si ni mogel predstavljati, da bi lahko dosegla vso moč čistega krade - čeprav je bila lastna moč strašljiva tudi, če ni bila okrepljena.",Meh &#39;Lindi bi lahko dosegel polno moč čistega krade,contradiction,99
"Je pripomnila Gloria, ko sta si v kuhinji delila oddih za kavo. Melissa je potlačila vzdih. Upala je, da se bo temu izognila, vendar bi morda vedela, da bi Glorijino neomejeno zanimanje za vse morbidne in senzacionalne stvari onemogočilo.",Glorijino neomejeno zanimanje za vse morbidne in senzacionalne stvari bi onemogočilo izogibanje temi,entailment,100
"Merrill je padla na svoj stol. Ta prepir z Lukom jo je izčrpal. Mogoče je vedela, da svojega odnosa z Elise ne bo nikoli razkril.",Luke nikoli ne bi razkril svojega odnosa z Elise,entailment,101
"&quot;Oh, zelo dobro,&quot; je utrujeno rekel. Morda je vedel, da se je z McAllisterjem nekoristno prepirati - njen jezik je bil dolg, dokler je bila njena volja močna.",bilo je neuporabno prepirati se z McAllisterjem,entailment,102
"Bil sem jezen nanjo, ker ni ničesar rekla, ničesar ni storila. Še vedno sem imel brezobličen občutek, da me razume tam, kjer je mama ni. Morda me je zaradi obupa prepričal, da obstaja ena oseba na svetu, ki bi lahko vedela, da sem v obupu.",bil je v obupu,entailment,103
"&quot;Za takšno osebo najti zaščitnika morda ne bo tako težko, tudi v Edinburghu.&quot; Jean se je nasmehnil. Mogoče je vedel, da bo celo nekdo tako razumen, kot je gospodična van Wiliamsburgh, poskušal narediti tovrstno igro.","celo nekdo tako razumen, kot je gospodična van Williamsburgh, bi poskušal narediti tovrstno igro",entailment,104
"L. Spodaj je bilo dodano vijolično črnilo. &quot;In ljubezen, Fenella&quot;, z velikim X kot poljub. Morda bi vedel, da Lisabeth ne bi šla sama po stopnicah, da bi pustila sporočilo.","Lisabeth sama ne bi šla po stopnicah, da bi pustila zapisek",entailment,105
"Odšel je. Philip jih je moral vrniti. Njegov oče bi ga ubil, če bi ugotovil, da jih je vzel.",Philip jih je vzel,entailment,106
"Odgovora ni bilo. Benny se je previdno pomaknil po robovih sobe in odprl polkna. Njena trenutna groza, ko je videla nedvoumno obliko generala Etienna, je bila le nekoliko otopla zaradi spoznanja, da je trdna drža, v kateri je bil, lahko pomenila le, da je mrtev.",General Etienne je bil mrtev,entailment,107
"V resnici mi ni bilo všeč, kako so se drugi fantje obnašali do njega. Bila sem nova v šoli in še vedno opazovala, še vedno začela prijateljstva. Morda je Alec opazil, da se mu nisem posmehoval kot drugi.",Alecu ni posmehoval tako kot drugim,entailment,108
"In bil sem navdušen nad svojim novim pomenom. Ponosen in zadovoljen, ker je igral ob Franku Donovanu, ki je nekoč zastopal Haydena Coffina. Občasno bi morda moral opaziti, da ni bil zabaven, lahkoten lik, ki sem se ga spomnil iz svojega skromnega mesta v refrenu.","Frank Donovan ni bil zabaven, lahkoten lik, ki se ga je spominjala",entailment,109
"`` In pri nas se motite. Nismo otroci in rekel bi, da se pravila naučimo precej hitro. &#39;&#39; Morda ste opazili, da se ne tresem več!",ne trese se več,entailment,110
"Ko je bil tam, sva bila Bonnie in Clyde, zdaj ga ni bilo več, bila sva Blondie in Dagwood. Oziroma zdaj ga ni bilo več, jaz pa Dennis. Če bi bil pametnejši ali manj zaman, bi morda ugotovil, da to pomeni, da je bila moja nekdanja vloga zdaj prosta.","to je pomenilo, da je bila njena nekdanja vloga zdaj prosta",entailment,111
"Nekaj časa ga je ta ideja prevzela in iskal je številna nadstropja Hamleysa in iskal igrače. Kupil je čarobni komplet za Sebastiana (čeprav bi bilo njegovo idealno darilo za otroka povsem novo ime) in marioneto za Louise. Spomnil se je, da je obstajala doba za lutke in magijo, tako kot se je spominjal časa, ki ga je preživel, ko je poskušal razpihati špil kart ali sedel pred ogledalom in poskušal trde soglasnike spraviti dol kot pravi ventrilokvist.",obstajala je doba za lutke in magijo,entailment,112
"S Pattersonom sem preživel nekaj več kot eno uro, kar se je kasneje izkazalo za drugo. V mestu je čas denar in le malo ljudi je vredno ene ure, razen če gre za kosilo in šele takrat, če ste vključeni v prevzemno ponudbo. Prav tako sem izvedel, da se je eden redkih primerov, ko se je kdo v PKB spomnil, da je imel Patterson sestanek z zaprtimi vrati in nihče ni bil odpuščen.",Patterson je imel sestanek z zaprtimi vrati in nihče ni bil odpuščen,entailment,113
"Namestnik podsekretarja je lahko govoril o možnostih in razočaranjih svojega gostitelja, lahko se je seznanil s težavami izkopavanja deviz in tržne valute v tretjem svetu, stiskami zaradi podaljšanja dovoljenja za prebivanje, težavami pri ohranjanju zanesljivih uslužbencev, svoj svet mora molčati. Namestnik podsekretarja je vodil tajno obveščevalno službo Združenega kraljestva in to ni bilo predmet ogovarjanj in pogovorov na verandi, obrobljeni z bugavilami, ko so luči ribiških izkopanin plavale znotraj koralnega grebena ... Ni krvavega način. Bil je človek, ki je bil lahko iskren do sebe in iskreno je lahko rekel, da je bil hkrati zadovoljen in olajšan, ko je bil sivega ponedeljkovega jutra v Londonu za svojo mizo.","namestnik podsekretarja je bil hkrati zadovoljen in olajšan, ko je bil sivo ponedeljkovo jutro v Londonu za svojo mizo",entailment,114
"Bil sem res le opazovalec v tragediji mladega gospoda in gospe McLeod. To se v resnici ni ukvarjalo z mano, čeprav bi lahko rekli, da jih poznam - sem jih že videl - večino njunega življenja.",gospoda in gospo McLeod je poznala večino svojega življenja,entailment,115
"Paula si ni mogla pomagati. Bila je pač takšna, kot je bila. Drugi bi lahko rekli, da jo sovražijo in to resno mislijo.",drugi so sovražili Paulo,entailment,116
"O: Kako se počutite glede nadzora nad pištolo? B: No, mislim, mislim, da orožja ne bi smeli prepovedati",orožje je treba prepovedati,contradiction,117
"B: Ne vem, kako so to storili moji starši. A: Ja. B: Mislim, bilo nas je pet in ne spomnim se, veste, da bi želeli kaj posebej. Uh, ampak ne vem, kako je to storil moj oče. Delal je na liniji za tovornjake in s petimi otroki preprosto ni zaslužil takega denarja. Ampak smo v redu. Imeli smo hišo in dom, zdaj pa oba z ženo delava in ne verjamem, da imava toliko kot moji starši.",on in njegova žena imata toliko kot njegova starša,contradiction,118
"O: No, kako se počutite glede priseljenske zakonodaje? B: Trenutno mislim, da so malo restriktivni. Uh, še posebej za nekatere etnične skupine ali iz nekaterih držav. Hm, mislim, da bi morali dovoliti, uh, več priseljevanja iz vzhodne Evrope, na primer, uh, zlasti uh, Judje, uh, uh, ljudje iz Rusije. Mislim, da bi jih lahko dovolili več, kot smo dovolili v zadnjih, uh, nekaj letih. In mislim, da imamo, uh, uh, preveč omejitev tudi za Vzhodnjake, toda to je seveda samo moje mnenje. A: Ja, no, nisem prepričan, zakaj sem dobil to temo, ker mislim, da je nisem označil na seznamu, ker o trenutni zakonodaji o priseljevanju vem zelo malo.",temo je izključil s seznama,contradiction,119
"B: fant, on je velik. A: precej velik je. Zato me resnično preseneča, saj se ni vrnil, saj, kot sem že rekel, ni še nikoli tako odšel in bi si mislil, da bi ga lahko poškodoval avto ali kaj podobnega. Ne vem, da bi ga res tako lahko ubil, ker je tako velik.",res bi ga tako lahko ubil,contradiction,120
"O: In potem, ko so enkrat izvoljeni, nimajo več moči ali pooblastila ali volje narediti tistih stvari, ki so jih obljubili, veste, prej. B: Prav. O: Veste, morda sploh sploh ni bilo mogoče, veste, tako kot pri novih davkih. Veste, to je, uh, pri tem, da gospodarstvo teče tako, kot je, in vse, kar je bilo skoraj smešno, celo poskusiti narediti. B: Ja. Ja. No, mislim, da mu tega naslednje leto ne bo treba skrbeti.",naslednje leto ga bo treba skrbeti,contradiction,121
"O: Oh, ja, in vsakič, ko na cesti zagledaš enega zadetka, rečeš, da je to moja mačka. B: Aha. O: In ponoreli ste, misleč, da je morda vaš. B: Prav, no, nisem vedel, da je moj mož takšen sesalec za živali, dokler ga neke noči nisem pripeljal domov.",njen mož je bil tak sesalec za živali,entailment,122
"B: In mislim, da rehabilitacija ni učinkovita. O: Prav. Moram se strinjati s tabo in tudi jaz sem naklonjen smrtni kazni. Preprosto mislim, da za te ljudi ne deluje odvračilno, ker, uh, še vedno vidite, da počnejo ista kazniva dejanja,",za te ljudi deluje odvračilno,contradiction,123
"O: tako veliko slišiš, nekoliko se je naveličaš, ampak spet toliko ljudi, ki jih moraš razumeti, ujame le enkrat na dan, morda B: Ja. A: ampak mislim, da je kakovost naših novic samo, uh, ne verjamem, da bi lahko bila boljša",lahko bi bilo boljše,contradiction,124
"B: In v bolnišnici sem delal petnajst let in poskrbel za nekaj bolnikov z aidsom. O: Aha. B: Uh, ko so nas vprašali, ali bi radi ohranili enako ali, uh, porabili več, porabili manj, uh, mislim, da je trenutno to, kar porabijo, primerno. Za moje osebno mnenje. Uh, ker mislim, da jim bo treba nekaj časa, da bodo pripravili, uh, cepivo. A: Ja. Uh huh. Uh huh. B: Mislim, da ne bo tako enostavno priti do tega",to bo tako enostavno najti,contradiction,125
"A: Ja, so. Nanj izvajajo velik pritisk od zunaj in od znotraj. Uh, smešno je gledati, kako igrajo, verjetno je kot marsikateri branilec, hm, ko je pritisk resnično v zadnjih minutah tekme v sezoni, ko se zdi, da fantje res dajo vse od sebe. B: Aha. O: In tega še nisem povsem ugotovil, če ugotovijo, da so ga dobili ali če se res ne mudi, ker prve tri četrtine ali, uh, uh, če se kaj zgodi, da začne adrenalin pritekati.",so ga dobili,neutral,126
"O: No, potem morate o tem vedeti veliko več kot jaz. B: Uh, mislim, da je sistem trenutno v redu, saj veste. Mislim, da bi morala biti porota. Mislim, da sodnik ne bi smel, mislim, da je tam nekako takšen kot sodnik. A: Aha, aha. B: Uh, niti ne mislim, da bi to moralo biti soglasno. Uh,",bi moralo biti soglasno,contradiction,127
"B: Aha. Mislim, ne vem, mislim, da George Bush ne bo osrečil Američanov s sedemindevetdesetimi centi na teden. O: Ne, ne, sploh ne. B: Samo mislim, da to ni bila dobro premišljena spodbuda.",bila je premišljena spodbuda,contradiction,128
"B: sem pa ugotovil, da je bil narejen iz nekega materiala, ki je dejansko rjavel, potem, A: Oh. B: tudi kljub temu, da veste, marljivo pranje, je zarjavelo po približno, uh, treh tednih uporabe. In mislim, da nisem bila jaz kriva, ker veste, mislil sem, da sem jo sušil in očistil",kriv je bil on,contradiction,129
"O: in če ne bi porabili vsega denarja za testiranje drog, bi ljudje lahko dobili povišico. Torej, vidite, veste, obstajajo drugačni, mislim, da je to bolj moj osebni pogled, razen da, gospod, morali bi opraviti testiranje na droge, ker je res problem B: A-ha. O: in to vem. Potem pa imam druga stališča. B: Nisem mislil, da je tako drago, ker je bil moj sin verjetno čez teden in pol",bilo je tako drago,contradiction,130
"B: Tudi jaz sem. O: Mislim, to je bilo samo bolj za moj denar. B: Ja. Sploh se mi ni zdelo predolgo.",bilo je predolgo,contradiction,131
"B: Res je. O: Torej. B: Uh, drugi argument je, da je smrtna kazen odvračilna in res se ne strinjam s tem. Ne verjamem, da bi se kdo, ki bi storil uh, zločin, zaradi katerega bi jim bila izrečena smrtna kazen, trenutno ustavil in rekel, no, hotel sem to osebo ubiti in razkosati, toda oh, če me ujamejo, me bo ubil, zato raje ne. Samo mislim, da ne, da tako deluje. A: Ja. Mislim, da ni narejeno.",opravljeno je,contradiction,132
"B: Ampak, če veter večinoma prihaja z juga, je lahko res slabo. O: Aha. B: Uh, država Wisconsin je pravzaprav, uh, začela nekaj sodnih postopkov proti Illinoisu zaradi onesnaževanja zraka, ki smo ga dobili. O: Aha. B: Uh, mislim, da ne bo šlo zelo daleč,",šlo bo zelo daleč,contradiction,133
"B: Ja. No, to je tip, ki šteje. O: Da. Mogoče pa bomo dobili tvojega tipa. B: Oh, mislim, da Jim Kelly ne bo kmalu odvrnjen od računov.",Jima Kellyja bodo kmalu odvrnili od računov,contradiction,134
"B: Ja. Kaj pa gospod Rogers, je še vedno zraven? O: Da. Ja. Še vedno kažejo gospoda Rogersa. Mislim, da ne ustvarja novih,",Mister Rogers ustvarja novega Misterja Rogersa,contradiction,135
"B: Ja, in zemlja bo nekaj filtrirala, ne pa vsega. O: Ne, ko pomisliš, nisem vedel, da ena krava proizvede toliko gnoja",ena krava proizvede toliko gnoja,entailment,136
"A: Ja, to je noro. B: in potem prideš sem na območje Dallasa, hm, ne verjamem, da bi ljudje smeli imeti orožje v svojih vozilih.","ljudem bi morali dovoliti, da v svojih vozilih nosijo pištole",contradiction,137
"B: če pa bodo dobili drobne otroke, ki jih bodo prihranili zdaj, čez pet let, ko bodo postali večji, bo to delovalo tudi nekoliko več. A: Ja. Prav. B: Ker je, to moramo zdaj storiti vsi. Resnično sem presenečen, ko sem ugotovil, da je osemdeset odstotkov zdaj napolnjenih s smeti. Čez pet let naj bi bili na maks. O: Aha. B: Mislim, da ne morem hraniti lastnih smeti.",lahko sama hrani smeti,contradiction,138
"O: In, uh, moram ostati doma s svojimi otroki, kar sem si res želel, zdaj pa se nisem mogel vrniti in to storiti. B: Ja. O: Resnično nisem mogel, mislim, da ne bi mogel ves čas ostati doma in ničesar ne početi.",lahko je ves čas ostal doma in ničesar ni počel,contradiction,139
"O: varuška, nekako? Uh huh. Uh huh. B: in veste, lahko bi si zamislil družbo, v kateri bi se to zgodilo, in naredil zanimivo, uh, uh, zgodbo ali kar koli drugega. A: Ja. B: Mislim, da s tem nimam filozofskih težav.",ima s tem filozofski problem,contradiction,140
"B: To je bil nekako smešen film z, uh, Richardom Dreyfussom in Billom Murrayem. O: Aha. B: To je bilo zabavno. O: Golly, mislim, da še nisem slišal za ta film.",že je slišal za ta film,contradiction,141
"O: lepo je torej pobegniti. Prav neverjetno je, koliko pogrešaš. B: Ja, ja, ja, ja, res je. Mislim, mislim, da nikoli nisem videl Male medvedke,",videla je Mali medved,contradiction,142
"B: Ja. To je, uh, imam modemski nočni računalnik, da se lahko prijavim v, uh, mrežo pri Georgia Techu in tam dostopam do svojega računa, kar je lahko koristno. Ampak, ja, to in obdelava besedil je, medtem ko se nagibam k temu, mislim, očitno skoraj vsa poročila pišem na svojem računalniku, ne glede na to, ali gre za seminarske naloge ali celo za nekatere manjše domače naloge. O: Aha. B: Torej, ne vem, resnično postanem moj nosilec. Sploh se ne spomnim, pravzaprav mislim, da v življenju nisem nikoli uporabljal pisalnega stroja za izdelavo reportaže. Ker sem imela moja družina, ko sem odraščala, osnovni računalnik. TRS Osemdeset, ko so prvič prišli ven.",za pisanje poročila je uporabil pisalni stroj,contradiction,143
"O: Jaz sem pred Baltimorejem. Od proge Baltimore sem oddaljen manj kot kilometer. B: Hm. O: In odhajam v kampus Univerze v Marylandu, ki je oddaljen manj kot kilometer od moje hiše. Torej dejansko sem v Baltimoru, ja, lahko bi rekli, da sem v Baltimoru.",je v Baltimoru,entailment,144
"B: Zdaj glej I. A: Zanima me, vendar še nisem prepričan, da bi si ga rad ogledal. B: Ja, mislim, da tudi tega ne želim videti.",to želi videti,contradiction,145
"A: Ali hodite v muzeje v Evropi? B: Uh, pravzaprav ne, mislim, da nisem šel k nobenemu.",odšla je do nekaterih,contradiction,146
"B: Ne bi bil presenečen. O: Veste, ker jih nočejo poslati v varstvo. B: Dvomim, če bi rekli, da je bilo predolgo.",bilo je predolgo,contradiction,147
"A: Ampak, uh, uh, ne razumem, mislim, zakaj imajo šole tako veliko stopnjo osipa v velikih mestih. B: Uh, no, tudi jaz se ne pretvarjam, da tega razumem. Uh, ampak nisem povsem prepričan, da bi bilo za to treba kriviti šole. Potem pa spet nisem povsem prepričan, kje bi bilo treba kriviti krivdo. Ker je osip na teh območjih w-, je visok na tistih območjih, kjer sta tudi revščina in kriminal. In zdi se, da gresta skupaj. In zdi se, da bi lahko, če bi lahko odpravili enega od delov tega kroga, kjer so stopnja osipanja in kriminala in, veste, splošni pogoji revščine, stvari postale boljše. Torej, uh, druga dva -, to so vsa tri socialna vprašanja in vlada bi jih lahko rešila na kakršen koli način. Jasno je, da je to nekakšna vladna stvar, ki jo je treba popraviti, vendar ne verjamem, da bodo vedeli, kateri del je najbolje popraviti, tako kot ne vem. to je zapleteno vprašanje. Še vedno mislim, da tega ne bi krivil neposredno za šolo.",za to bi krivil neposredno šolo,contradiction,148
"B: Pravi, da ko je njen mož umrl oh, da je moj stric rekel, da je ne bo nikoli dal v dom za počitek. Torej nekako, uh, ne vem. Mislim, da moji starši ne bi, toda postaja precej hudo, kot da bi morala imeti malo stranišče tik ob svoji postelji in, to je, A: A-ha. B: in moja mama mora precej skrbeti zanjo, tako da postane, ne vem. to je težka odločitev, vendar mislim, da tega ne bi storil osebno svojim staršem.",to bi storila svojim staršem,contradiction,149
"A: Veliko časa tam, zagotovo je. B: Zagotovo je. O: Mislim, da ne bi šel v službo brez neprebojnega jopiča.",v službo bi šel brez neprebojnega jopiča,contradiction,150
"O: No, verjetno tisti, ki take informacije izvejo, če bi to počeli, bi raje, da me ne poznajo, in mislim, saj veste, klasična, oh, ne poznam teorij zarote CI ali karkoli drugega , bi take stranke to poskušale storiti brez vaše vednosti. Torej obstajajo stvari, ki posegajo v to drugo vrsto zasebnosti, kadar veste zanje, in morda stvari, ki posegajo v to drugo vrsto zasebnosti, ne da bi o tem vedeli, o drugi pa ne morem govoriti, razen da ustvarjam paranojo. To je domneva in rad bi mislil, da je vsaj v tej državi precej nizek. B: domnevati. Tam je. O: Mislim, da ne bi rad, da KGB nadzira moj telefon ali kaj podobnega.","rad bi, da mu KGB nadzira telefon",contradiction,151
"B: To je lahko nekako težko, kaj? O: Res bi, ja, ja, in kot sem rekel, je moja sestra še vedno v njem, in resnično mislim, da tudi moja mama ne bi želela biti tam.",njegova mati bi želela biti tam,contradiction,152
"B: Mislim, ne morete jamčiti, da ne bodo pobegnili iz zapora in to storili še enkrat. O: Prav. In potem ponovi znova. Uh huh. B: In mislim, da rehabilitacija ni učinkovita.",rehabilitacija je učinkovita,contradiction,153
"B: Oh, to je dobro. A: v resnici pa ne. Nihče ni mislil, da se bo prilagodila,",bi se prilagodila,contradiction,154
"B: Česa se bojim? O: Da. B: Hm, ne vem, če se res bojim porabiti preveč. Samo, uh, mislim, da jih ne rabim, veš.",jih potrebuje,contradiction,155
"O: To je dokaj zanimivo. B: Stavim, da bi bilo to precej zanimivo. Uh, to je, uh, samoizboljšanje, no, to je neke vrste hobi, ampak to je samoizboljšanje s stališča verjetno sprostitve, uh. O: Ja, ne vem, da sem prebral karkoli, kar je bilo strogo označeno za samoizboljšanje.","prebere karkoli, kar je strogo označeno za samoizboljšanje",contradiction,156
"O: Mogoče so, vendar ne na ravni človeških dejavnikov. oni so, B: No, danes sem slišal v novicah, lahko bi prisegel, da je to IBM.",to je bil IBM,entailment,157
"A: Ampak, uh: B: V redu. Uh, uh, mislim, da imam en ali dva ameriška avtomobila in sta bila v redu. Enkrat sem imel Pontiac in nikoli nisem imel težav z njim, ampak, uh, moja mama je imela v enem trenutku Dodge in sem ga že nekajkrat vozila in res nisem imela občutka, da bi Dodgea kupila samo od,",kupila bi Dodgea,contradiction,158
"B: Mislim, da to ne velja samo v javnem šolskem sistemu, ampak tudi v sami družbi. negativne ojačitve je bilo preveč. Koliko, na primer, ulovljeni dobri lističi. Kaj pa samo državljan John Q tam zunaj na ulici? A: Ja, no to je res. Mislim, v resnici mislim, da je to ena stvar, ki jo, mislim, moji otroci vsekakor natepajo, ko jih je treba udariti. Toda resnično poskušam uporabiti pozitivno, uh, okrepitev z njimi tudi doma. In res pomaga. In mislim, ne dobijo jih pogosto, ampak veste, kadar si to zaslužijo. Ampak, uh, mislim, da nobenega otroka ne bi smeli izvzeti, da bi ga šeškali.","nekega otroka je treba izvzeti, da ga ne bi ščepali",contradiction,159
"B: Razumem, da skrbimo za starejše, kajne? O: Da. B: In kako se počutite, če nekoga daste v dom za ostarele? O: No, mislim, da noben od mojih sorodnikov res ne bi hotel tja.",nekateri njeni sorodniki bi res radi šli tja,contradiction,160
"O: Razdeljeno je, ja. B: Vau! O: Res je, zato imamo tukaj svoje kavboje in, uh, mislim, da nihče ne korenira drugače",nekdo korenini drugače,contradiction,161
"B: če ga dobite v prodaji, A: ja, ja, torej smo to kupili ali pa smo kupili filete, nato pa piščančje ali puranje grude in mislim, da nihče v moji hiši ne pozna razlike, razen če Povej jim.",nekdo v njegovi hiši pozna razliko,contradiction,162
"A: Ali ste temu že zelo sledili ali, B: Uh, pravzaprav ne. Mislim, da NFL nikoli ne bo nič prevzel.",nekaj bo prevzelo NFL,contradiction,163
"B: V redu, no. O: Hm, kratkoročno, mislim, da se glede tega ne bo nič storilo ali da bi to verjetno morali storiti.",nekaj bo treba storiti glede tega,contradiction,164
"A: Oh, ja. Živali imajo način govora. B: Alfie je. Povem vam, če bi ga lahko dobil tisti dan. O: Ne vem, uh, da bi svojega psa zamenjal za svet.",svojega psa bi zamenjal za svet,contradiction,165
"A: hkrati pa mislim, da bi jim to prineslo svet dobrega. B: Ja. A: Ampak obstaja, B: Ne vem, da bi lahko zahtevali, da vsi to počnejo celo leto, dve leti ali kaj podobnega,","zvočnik A lahko od vseh zahteva, da to počnejo celo leto",contradiction,166
"O: Mimogrede, imam prijatelja, ki gre tja. O tem se želim pogovoriti potem, v redu. B: V redu. Uh, jaz, tudi srednja šola, v katero sem šel, je bila dobra. In dobro, mislim, da bi lahko rekli, da je ena od težav v javnem izobraževalnem sistemu neskladje med različnimi šolami.",ena od težav javnega izobraževalnega sistema je neskladje med različnimi šolami,entailment,167
"O: Za mednarodno trgovino morajo. B: Ja. A: Mislim, da je lažje preklapljati naprej in nazaj, kot včasih, uh, ker uh, računalniki so vstopali v vse. B: Aha. Ja, mislim, da prestavljanje naprej in nazaj ni tako velika stvar.",preklapljanje naprej in nazaj je tako velika stvar,contradiction,168
"O: In zdaj je spet čas volitev, zato jih poskušajo znižati. B: Oh. O: Torej govorijo samo o tem, da jih znižajo, nikoli pa jih ne, ampak jih kar naprej vzgajajo. B: Nikoli nisem videl, da bi se davki res znižali.",davki bi se res znižali,contradiction,169
"B: delali so stvari za ljudi, veste, za njihove skupnosti, za njihove družine, za njihove prijatelje, kjer zdaj nisem prepričan, da to res počnejo. O: Da. Ja. No, mislim, da včasih prek skupin in organizacij, hm, uh, ko so mi zastavili vprašanje, se mi zdi čudovito. In potem sem se spraševal, ali ljudje niso pripravljeni, vendar mislim, da tudi če bi šli negativno, mislim, da ne bi ostalo negativno zelo dolgo.",ta odnos bi ostal negativen zelo dolgo,contradiction,170
"B: In veste, celotna ideja o elektronski učilnici. Ne vem, če sem ja, naklonjen, ja, A: Mislim, da to ne bo šlo.",to bo delovalo,contradiction,171
"B: Prav. In prepakirali kolesne ležaje. O: in prepakirali so kolesne ležaje. Ja, ampak, uh, imel sem precejšnje izkušnje. lahko rečete, da sem, uh, uh, dober mehanik na dvorišču",je dobra mehaničarka na dvorišču,entailment,172
"O: No, odvisno od tega, kdaj greš, ob vikendih ni pretirana gneča. B: Glej, želel bi biti tam zjutraj, od 9:30 do 10:30. O: Oh, mislim, da to sploh ne bi bilo slabo.",to bi bilo slabo,contradiction,173
"B: Mislim, da bi bil s-, in to samo odvisno od okoliščin in obsega zlorabe in če bi bila na voljo druga možnost. O: Aha. Uh huh. Hm. Uh huh. Veste, zdaj se sprašujem, kaj mislite o tem in, uh, na žalost tega ne moremo storiti, ampak, uh, včasih je bilo to že zdavnaj, mislim v biblijskih časih, ko so imeli kazen, če je nekdo na primer kaj storil vaši družini, ste imeli pravico izreči kazen. Torej, če je nekdo ubil nekoga v vaši družini, če ste to osebo ujeli in spoznali za krivega, ste imeli pravico, da jo usmrtite. In vem, da, če bi kdo kaj naredil moji družini, bi se počutil, da se jim imam prav maščevati, uh, toda mislim, da se to ni nikjer veliko zgodilo.",to se naredi veliko kjerkoli,contradiction,174
"O: Veliko časa berem o teh stvareh. Zelo me zanima. Zelo razburljivo se mi zdi, da imamo danes, danes. B: Da, in mislim, da imamo precej dobro pokritost. Ne verjamem, da Američani hrepenijo po novice.",Američani se zaradi poročanja o novicah ogrožajo,contradiction,175
"B: Uh, uh, mislim, da sem imel enega ali dva ameriška avtomobila in sta bila v redu. Enkrat sem imel Pontiac in nikoli nisem imel težav z njim, ampak, uh, moja mama je imela v enem trenutku Dodge in sem ga že nekajkrat vozila in res nisem imela občutka, da bi Dodgea kupila samo od A : Hm. B: no, pravzaprav sem imel uh, Dodge Omni v nekem trenutku A: A-ha. B: in to je bilo, mislim, tisto, kar me je resnično prejudiciralo do ameriških avtomobilov, ker nisem čutil, da gre za zelo kvaliteten, uh, avto.",Dodge Omni je bil zelo kvaliteten avto,contradiction,176
"A: uh, potem pa, ko stvari količinsko ovrednotite in morda tudi vodite kazenske procese, koliko let je primerno, uh, da bi to lahko prepustili nekomu, ki ima, uh, strokovno znanje o tem. B: Prav, tudi jaz se strinjam. Mislim, da porota ne bi smela biti tista, ki je odložila obsodbe.","porota bi morala biti tista, ki je odložila obsodbe",contradiction,177
"O: Fant, to je strašljivo, kajne. B: Oh, si predstavljate, ker se to zgodi sredi noči, zato veste, ti starši niso vedeli, da je otrok izginil, dokler otrok s krikom ne potrka na vrata, spustite me noter.",otroka ni bilo več,entailment,178
"B: Oh, razumem. O: Hm, in mislim, da imam boljše učence v zasebni šoli, ker mislim, da njihovi starši plačujejo več, in mislim, da so otroci nekoliko bolj zahtevni, ker so njihovi starši verjetno fakultetno izobraženi, kjer v javni šoli mislim, da je veliko staršev fakultetno izobraženih,",saj je veliko staršev fakultetno izobraženih v javni šoli,contradiction,179
"B: Mislim, da to ne velja samo v javnem šolskem sistemu, ampak tudi v sami družbi. negativne ojačitve je bilo preveč. Koliko, na primer, ulovljeni dobri lističi. Kaj pa samo državljan John Q tam zunaj na ulici? A: Ja, no to je res. Mislim, v resnici mislim, da je to ena stvar, ki jo, mislim, moji otroci vsekakor natepajo, ko jih je treba udariti. Toda resnično poskušam uporabiti pozitivno, uh, okrepitev z njimi tudi doma. In res pomaga. In mislim, ne dobijo jih pogosto, ampak veste, kadar si to zaslužijo. Ampak, uh, mislim, da nobenega otroka ne bi smeli izvzeti, da bi ga šeškali. Mislim, mislim, da ne bi imel nič proti, če bi učitelj mojo otroko udaril. Ampak, veste, to je samo moje osebno mnenje, in to se ne bo, mislim, mislim, da se zakon ne bo nikoli spremenil.",zakon se bo spremenil,contradiction,180
"B: ampak, uh, vsekakor lahko vidim, uh, vem, kje imamo otroke in smo v tej starosti, bo to nedvomno zaskrbljujoče. O: Ja, že ste govorili o šolskem financiranju. Mislim, da bo obstajala samo ena rešitev za financiranje šol, za katero mislim, da ne bo nujno najboljša pot",ena rešitev za financiranje šol bo nujno najboljši način,contradiction,181
"A: Mislim, da, mislim, B: resnično. Oh, ja, treba bo, uh, saj veste, policija, mislim, da ne zmore sam, veste.",policija lahko to stori sama,contradiction,182
"O: Kako se počutite glede tega. B: V resnici ne, bolj, ne vem za vlado toliko kot, uh, ljudje, uh, sploh ne bi štel za grožnjo in res se ne počutim sama Sovjetska zveza je že večja grožnja.",sama Sovjetska zveza je še vedno grožnja,contradiction,183
"B: Tudi to sem slišal. Uh, A: Zdi se mi bizarno. Ne razumem povsem, čeprav mislim, da je verjetno najslabša stvar, ki se danes dogaja vsaj v sodobnem svetu, televizija.","najslabša stvar, ki se dogaja v sodobnem svetu, je televizija",entailment,184
"B: Mislim, da je, uh, mislim, da je veliko komentatorjev, kot so glavna omrežja, na primer prav, zdaj nekako primerno zaradi volilnih stvari, toda, hm, zdi se, da hm nekako spravijo svoja mnenja v to, kako oni, veste, poročajo o novicah. O: Prav. In mislim, da tudi na volitvah izberejo, komu bodo sledili in komu ne, in v bistvu veste, če jih lahko kandidat spodbudi, da sledijo, potem bodo novice, veste, nekako objavile njegovo ime. B: Ja. Ja, točno tako. O: Mislim, da način, kako dobim novice, ni pravi način, da jih dobim.","način, kako dobi novice, je pravi način, da jih dobi",contradiction,185
"B: No, imaš, no, v katerem koli od večjih mest imaš različne rivalske tolpe in oni vodijo svoje majhne vojne zaradi svojih majhnih kraljevin mamil in podobno, A: A-ha. B: In izvlečejo svoje male Mac desetke, izvlečejo svoje male uzije in se bodo borili z njimi. In ni pomembno, kakšne omejitve imate za takšno orožje ali strelno orožje razreda tri. Če hočejo, ga bodo dobili. Vseeno mi je, če se morajo spraviti v Novo Mehiko, da ga dobijo, ga bodo dobili in čez mejo. Zdaj pa svoj položaj vseeno popolnoma ne uporabljam za popolnoma avtomatsko orožje. O: Aha. B: Ker sem državljan, ki spoštuje zakone, in nikoli nisem imel kaznivega dejanja, če bi ga hotel kupiti, mislim, da zanj ne bi smela biti velika omejitev.",mora obstajati tako velika omejitev,contradiction,186
"B: Uh, glede uh, za porote. Resnično se mi zdi, kot da so, uh, uh, kakršen koli sistem v preteklosti uporabljan, zlasti pristojnost, veste, res edine vrste stvari, ki jih lahko uporabite. Ker sodna praksa, veste, temelji, uh, veste, na nakopičenem zakonu. In če imate situacijo, ko spremenite to zakonodajo, bi se naenkrat lahko začeli vračati in izkopavati vse te primere, uh, to bi bilo drugače obravnavano, če bi jih presojali po današnjih standardih. Tako da resnično mislim, da v resnici ne morejo storiti veliko, da bi to spremenili.","res lahko nekaj naredijo, da to spremenijo",contradiction,187
"B: Prav, saj veste, kot v embalaži A: Ja. B: in, uh, saj veste, samo dobrota. A: Ja, mislim, da embalaže ne delajo v tej tovarni,",pakirajo v tej tovarni,contradiction,188
"O: Edina stvar, o kateri se včasih sprašujem, hm, v civilnih zadevah je, uh, ali, sploh, nekako, uh, morda kot odgovornost za izdelke ali medicinska zloraba, kjer je, hm, neka vrsta zelo tehnične odločitve, ki jo je treba sprejeti narejeno včasih B: Ja. A: veste, ni samo stvar hm, ampak, veste, ali je ta fant odtrgal tega tipa, ampak gre samo za tolmačenje pogodbe, ampak nekako, hm, veste, včasih vstopiti v zelo tehnična vprašanja in se sprašujem, če sistem deluje ustrezno pri izobraževanju porotnikov o tem, o čem, hm, veste, vprašanje je v razpravi. B: Mislim, da jih ne izobražujejo dovolj, da bi zares vedeli, kaj se dogaja.","dovolj dobro izobražujejo porotnike, da zares vedo, kaj se dogaja",contradiction,189
"B: Takšno, kot ga imate, se sliši zelo zanimivo. O: No, hm, res so sladki psi. uh, mislili smo, da ima verjetno naša soseska v Houstonu več te pasme kot kje drugje samo zaradi, hm, družine, ki jih je imela in gojila.","v njihovi soseski v Houstonu je bilo več te pasme kot kjer koli drugje zaradi družine, ki jih je imela in gojila",entailment,190
"B: Veste, nazaj, veste, v dvajsetih in tridesetih letih, ko so odraščali, uh, veste, vsi so bili skupaj v eni majhni skupnosti. O: Prav, prav. Prav. B: In ko je čas šel, je družina rasla in se odseljevala in tako naprej. In zdaj, ko se združijo, je na splošno veste, kot recimo otroci tistih ljudi, ki si niso, saj veste, nikjer blizu in mislim, da ne čutijo bližine, kot so bili včasih. Kar je sramota","čutijo bližino, ki je bila včasih tam",contradiction,191
"O: Bilo je tako pitanje. B: To se sliši dobro. O: Ampak mislim, da se s tem nismo nič zredili",so se s tem zredili,contradiction,192
"A: ampak to je ena mojih rešitev. Uh ... B: Tukaj v Dallasu vem, da so pravkar uvedli v zadnjih nekaj letih, uh, resnično dolgo obdobje, da lahko pred volitvami glasujete v odsotnosti. In mislim, da niso opazili res velikega izboljšanja.",videli so resnično velik napredek,contradiction,193
"B: In, uh, mislim, da so se vsi zanimali tudi za branje. O: To je ponovno, ja. B: Ne rečem, da berejo vse prave stvari",prebrali so vse prave stvari,contradiction,194
"B: Pogledam naše velike zelene zabojnike in rečem, no, dobro delujejo, moje pa držim zunaj garaže, tako da nimam vonjav, ampak očitno je to kraj, kjer, uh, uh, A: Oh, prav. B: Zanimivo bo videti, kako dobro to deluje, in vesel sem, da to počne skupnost. Uh, to je ena tistih stvari, ki jih je treba ljudem vsiliti. Uh, ne vem, kaj ste videli nazaj, uh, pred leti, toda zame se zdi tisto, odraščanje v podeželski Južni Dakoti, kjer so kmetje prinesli jajca v mesto in lokalna valilnica je svečila in jih zapakiramo je, da, uh, v petdesetih, uh, lahko bi rekli, da se je takrat odvijalo recikliranje, ki bi ga morali imeti zdaj. Kar vse steklenice za mleko so bile steklene","takrat so imeli recikliranje, kot bi morali zdaj",entailment,195
"B: In deset let gredo po vrsti, nato pa z nekaj tehničnega vidika pridejo ven in na ulice spet naredijo isto kot prej. O: Aha. B: In veste, to je približno edino. Tako kot pri tatvinah ali podobnih stvareh ali umoru, veste, mislim, da tega ne bi smeli početi.",to bi morali storiti,contradiction,196
"O: O, vau! Mogoče pa ne bi smeli biti odgovorni za nekaj, kar ste storili pred nekaj leti. B: Torej, vem. O: To je druga stvar. Mislim, da se veliko ljudi kot otroci ali, veste, mladi ukvarjajo z nekaterimi stvarmi, ki se jim kasneje izognejo, in mislim, da jim tega ne bi bilo treba plačati večno.",res bi morali to večno plačati,contradiction,197
"B: Uh, mislim, da imam veliko misli o vietnamski vojni, hm, mislim, da sem bil precej mlad, ko se je to dogajalo, zato se verjetno veliko stvari spomnim in veliko stvari, za katere res nisem imel pojma, kaj se dogaja. B: Ja. O: Hm, če pogledam nazaj, kot na nekatere stvari, ki jih zdaj poznam, nisem prepričan, da verjamem, da se je to splačalo v dolarjih in življenju. To je bilo eno od vprašanj, na katera nas je prosila, da premislimo, ker nikoli nismo šli v vojno. Mislim, da se nismo zavzeli za to, da bi jo zmagali in se rešili",zavzeli so se za zmago v vietnamski vojni in izhod,contradiction,198
"B: hm, poskušajo te spodbuditi, da upoštevaš določen učni načrt, čeprav ti ni treba. O: Aha. B: In če imate določena verska prepričanja, jih nekako spremljajo. Veste, dovolili vam bodo, ne morem si omisliti nobenega primera, vendar nekatere verske skupine nočejo svojih otrok v javnih šolah zaradi vpliva. In morda so bili skupina menonitov ali kaj podobnega. O: Aha. B: Mislim, da niso bili na tem območju",bili so na tem območju,contradiction,199
"A: Jaz, to bi bilo neumno, B: Ja. A: in mislim, da nam ni uspelo. Vse ostalo, kar smo pri tem obravnavali, se je zdelo popolnoma prav. Mislim, da tega ne bi storili.",to bi storili,contradiction,200
"O: Res ne. Ampak ne, ko bo napočil čas, se bomo resnično ozrli, preden se odločim za enega za moje starše B: A-ha. O: Resnično, saj sem bil vzgojen v enem, saj veste, zato moram veliko stvari iskati. B: Ja. O: In mislim, da ne bi želeli iti tja, kjer so nekoč delali, niti veste.","želeli bi iti tja, kjer so nekoč delali",contradiction,201
"B: In kolikor jim je všeč, uh, zabavajo pravice, ki bi jih morali imeti. O: Aha. B: Mislim, izobražujemo jih, jih hranimo, skrbimo zanje in kmalu pridejo na cesto in se spet vrnejo. O: Aha. B: Ne rečem, da so vsi slabi,",vsi so slabi,contradiction,202
"A: Ja, verjetno imaš prav, dve leti sta morda malo predolgi. B: Ja, in v tem bo veliko upora, in ko dobiš ljudi, ki sploh ne želijo biti zraven, mislim, da ne bodo nikomur služili.",nekomu bodo postregli,contradiction,203
"O: Kako je deloval Radio Shack? B: Če vstopite in kupite karkoli, hočejo vašo telefonsko številko. In mislim, da me ne bodo poklicali in me vprašali, kako to deluje,",ga bodo poklicali,contradiction,204
"B: Torej, pogovorimo se o čudovitih zlorabah davkov na osebno premoženje v zvezni državi Pennsylvania, pri katerih lahko kupite nekaj po pošti in potem država Pennsylvania o tem izvede in vam pošlje račun za prometni davek, ki ustreza temu izdelku, ki ste ga kupili, ter obresti in kazni od trenutka, ko ste ga kupili. Kaj misliš? Je Pennsylvania tam nekako neskladna? O: No, pravzaprav mislim, da niso v vrsti.",niso v vrsti,contradiction,205
"O: Tudi jaz. Pred približno desetimi leti verjamem, da smo šli skozi hud čas, ampak ne, verjamem, da so zdaj boljši, veste, kdo, B: Mislim, da je tako. Mislim, da niso umazani",slabi so,contradiction,206
"B: veš, včasih bi šel čez, toda veš, to me ne bi močno prizadelo, ker sem vedel, da bi ga imel v tem pogledu pokrit. O: Prav. Prav. To je dobro. Mislim, da nismo šli tako daleč, da bi ga plačali vnaprej, preden ga porabimo,",šli so tako daleč,contradiction,207
"A: ampak, zanimivo je bilo, ne vem, ali jih izboljšujejo ali ne, težko je reči. Mislim, da imajo več delov iz plastike, zaradi česar se stvari lažje lomijo, vendar mislim, da je tehnologija boljša. B: Mislim, da je tehnologija boljša, nisem prepričan. Mislim, da imate dobre stvari glede plastike in tega. O: O kakovosti. B: Mislim, da ni nujno, da se stvari izboljšujejo. Veste,",stvari se izboljšujejo,contradiction,208
"O: To je bila le stranska korist. B: Ja, ja, ker nisem velik ali kaj podobnega, vendar nisem v odlični formi, ko pa sem treniral, sem bil v precej dobri formi. Nisem pa si zgradil mišic, ampak sem se prav dobro postavil in napnal. A: Ja. B: Mislim, da ženske z mišicami ne izgledajo dobro.",ženske dobro izgledajo z mišicami,contradiction,209
"B: V redu, no. O: Hm, kratkoročno, mislim, da se glede tega ne bo nič storilo ali da bi to verjetno morali storiti. B: Prav. Uh, pravite, da mislite, da se ne bi smelo kaj kratkoročno storiti?",karkoli je treba storiti kratkoročno,neutral,210
"B: Prav. In prepričan sem, da bi tudi to pomembno vplivalo. Veste, da imate, A: Ja. No, kaj pa prostovoljni program? Mislite, da bi bila to dobra ideja?",prostovoljni program bi bil dobra ideja,neutral,211
"B: Torej še enkrat, nikoli zares ne kaznuje, podjetje dela napačno. O: Prav. Tako bo, B: Lahko nadaljujejo z isto staro stvarjo, kot so jo vedno imeli. O: Huh. B: In če vedo, da je neka praksa napačna, veste,",neka praksa je napačna,entailment,212
"O: Hm, ja, mislim, da to ni lahka rešitev. za to ni enostavne rešitve. B: Aha. Ne vem, da obstaja enostavna rešitev, toda če bi našli način, kako to nekaj preprečiti, in nisem prepričan, kakšna bi bila. To bi bil denar bolje porabljen kot, A: A-ha. B: ali veste, da je zadrževanje zapornika v smrtni kazni dražje kot pošiljanje otroka na Harvard?","stane več, če pridržite obsojenca na smrtno kazen, kot če pošljete otroka s Harvarda",entailment,213
"B: Tudi jaz sem. A: Ali si, B: Veste, mislim, da se nekako vračam k temu, kajne,",nekako se vračam k temu,entailment,214
"O: Tudi jaz sem mislil, da je Carter dober, in to je, ja, B: Ali si? Vedno mi je bil všeč, takrat se mi je zdel super in preprosto nisem mogel preboleti dejstva, da ga je Reagan premagal. veste, da preprosto nisem mogel verjeti, da je bil izglasovan.",Carter je bil izglasovan,entailment,215
"O: No, jaz, uh, kdaj je predviden vaš naslednji, uh, zdaj. B: No, kot da je bila zadnja moja matura, naslednja pa, ko sem diplomirala na fakulteti, tako da mislim še približno dve leti. O: Da, no, in ali mislite, da boste imeli otroka, ki ga boste lahko vzeli s seboj.","zvočnik B bo imel otroka, ki ga bo lahko vzel s seboj",neutral,216
"O: Uh, videl sem Seven Eleven, ki je najemal. B: No, prepričan sem, da je pri oddaji novega, uh, oddaje naročila šel Lockheedu, kajne?",pogodba je pripadla podjetju Lockheed,entailment,217
"B: in oba sta videti zelo enostavna za uporabo v primerjavi z D Base. O: Aha. Ali menite, da je D Base bolj prilagodljiv ali vam omogoča več? Ali pa mislite, da so ostali danes precej združljivi?",drugi so dandanes precej združljivi,neutral,218
"B: Aha. Torej, ja, v tem je samo pogled na šolski sistem na območju, kamor se preselite. O: Aha. Seveda imamo rahlo težavo v tem, da se število nepismenih v Ameriki v tem trenutku povečuje in, veste, tam, kjer so naši otroci v odlični šoli, še vedno plačujemo strašno veliko davkov za ljudi, ki so na socialnem varstvu in brezposelnosti, ker ne znajo brati, veste. B: Aha. O: Torej. B: Toda ali menite, da bi moral obstajati hm po vsej državi, hm, učni načrt?",v državi bi moral obstajati učni načrt,neutral,219
"O: Torej, primerljivi smo. B: Ja. O: Pravzaprav sem pravkar plačal davke na Richardson, ker živim v Richardsonu in mislim, da sem zelo temeljito dopolnil Robin Hoods. B: Ja, mislim, da, že imamo na sporedu, kajne.",so ga dobili na liniji,entailment,220
"O: Včasih po radiu slišite stvari, ki veste, bi lahko bile resnične ali ne. B: Aha. O: Uh, se vam zdi, da je tako, mislim, da za raziskave o aidsu letno porabijo kakšno milijardo letno. B: Aha. O: Ali menite, da bi morali porabiti več?",bi morali porabiti več,neutral,221
"B: ko si kaj izgubil ali uh, uh, nimaš tistega, kar imajo drugi ljudje, takrat se navadno zaveš, veš, kaj je tam zunaj in veš, kaj imaš in česa nimaš. A: Ja, strinjam se. B: Torej prvotno vprašanje, ali mislimo, da jih poznate, varnostna grožnja?",so varnostna grožnja,neutral,222
"O: No, ne vem, uh, težko dobim ljudi, po telefonu. B: Oh res. A: Huh, prišel sem do kogar koli. Včasih pokličem in vklopim cel dan, B: Huh. O: Ampak vseeno, uh, mislim, da bi morali govoriti o družinskih srečanjih, kajne.",govorili naj bi o družinskih srečanjih,entailment,223
"A: Ja. Radio včasih v resnici nima veliko novic. Postaje, ki jih poslušam, so zgolj glasba. B: Ja, mislim, da moraš poslušati vse novice, da sploh dobiš novice. A: Ja. Se vam zdi, da je televizija, uh, precej natančna.",TV je precej natančen,neutral,224
"O: Ne, v resnici ne. Veliko časa pa preživim z našo dohodnino. še posebej letos in lani. Hm, poročen sem le nekaj let, zato sem se moral resnično preusmeriti z obrazca EZ na, uh, B: seznam A. A: Prav. B: No ja. O: Vsi odbitki in vse to. B: Ste opazili, da se je ob sprejetju novega poenostavljenega davčnega zakona zdelo, da je vse oteženo?","ko so sprejeli nov poenostavljeni davčni zakon, se je zdelo, da je vse otežilo",entailment,225
"A: Ja, zanimivo je, ker, uh, ravno včeraj sva se pogovarjala o tem, uh, z nekaj ljudmi. In izražal sem svoje frustracije, ker, uh, toliko težav, ko delam v srednji šoli, je to, da otroci nimajo določene stopnje samodiscipline, ki bi se lahko odrazila v celotni družbi. Uh, in ne morete pričakovati, da boste v učilnici na določen tečaj uro na dan preprečili šestnajst ali sedemnajst let vpliva doma. B: Prav. O: Hm, in to se vidi bolj, ker ko pokličete starše, mnogi starši sploh ne bodo prepoznali, da obstaja težava, in rekli bodo, oh, moj otrok, še nikoli nisem nič slišal o tem prej. To je prvič, da so se pojavile težave. in, sprašujete se, ali ti starši ne vedo, da učitelji govorijo,",učitelji se pogovarjajo,entailment,226
"B: Kar hočeš. kje ga dobijo ?. A: No, ne vem, mislim, da ga nimajo doma, B: Ne predstavljam si, da bi ostal svež dovolj dolgo,",dovolj dolgo bi ostal svež,contradiction,227
"B: torej res je delal samo en. A: Aha, isto tukaj. Uh huh. B: In, uh, zame deluje, vendar ne vidim, da bi to delovalo pri verjetno večini ljudi.",verjetno bi delovalo pri večini ljudi,contradiction,228
"B: No, tako nekako mislim, da včasih mislim tudi na rock and roll. V resnici nimajo, vedno znova imajo enak zvok, druga stvar, ki mi pri tem ni všeč, pa je, da igrajo instrumental tako glasno, da ne moreš razumeti, kaj so besedila A: Hm. Prav. B: ne moreš razumeti, kaj govorijo o nekaterih od teh pesmi, kar je verjetno tudi pri nekaterih. A: Ja. In ne morem reči, da mi je všeč veliko modernega, uh, rokenrola,",všeč ji je zelo sodoben rokenrol,contradiction,229
"A: torej opazujem ribe, veste. Karkoli lahko naredim, da sem zasedena. Všeč mi je, da imam vklopljen televizor, ker me to navadno bolj zanima, hm. Nekaj časa mi vzame čas in ne zavedam se, da je to res edini čas, ko kdaj gledam televizijo, ko sem na kolesu. in potem običajno, ko končam s kolesom, samo da se ohladim, se navadno sprehodim, veste, in to me nekako pripelje, veste, tja, kjer nisem tako utrujen, ugibati. Ampak to je vsekakor naloga. B: Mislite? O: Ne morem reči, da res uživam.",resnično uživa,contradiction,230
"B: Ne, bilo je, ni mi bilo všeč, kako se je končalo. A: Vem, no, edini razlog, zakaj vem, zakaj se je končalo, je neke noči v dvorani Arsenio, je Christopher Reeves povedal, da, veste, B: A-ha. O: Ne morem verjeti, da so jih ubili.",ubili so jih,entailment,231
"B: Ja. Lepe so. O: Številka ena se je izkazala za čudovito in gospa je rekla, da ne more verjeti, da vedo, da sem jo naredila v barvi, kot so jo okrasili v vrtcu","vedo, da je to storila v barvah, s katerimi so okrasili vrtec",entailment,232
"O: To je razlog, tam ne igram. B: Ja. O: Tečaj mi je všeč, toda tam ne igram, ker jim ne dovoli, da vlečeš voz. B: Prav. O: In mislim, da voziček ne poškoduje trate.",voziček poškoduje trate,contradiction,233
"B: Ne vem. Zanima me, kje ga dobi? Veste, morate, mislim, da je televizija slaba. Ker na njih kažejo najrazličnejše nasilje, A: To in mislim, da veliko staršev ne mislim, ne vem, kako je v bazi letalskih sil. Ampak, mislim, da veliko ljudi zaradi gospodarstva ne bi smelo delati, veste. Preprosto mislim, da veliko staršev ni več vpletenih.",veliko staršev je vpletenih,contradiction,234
"O: Highland Park razmišlja, da bi šel po tej poti. B: Aha. O: Tako je, potem pa mislim, da bo to spodbudilo učitelje, da se bodo oblekli veliko bolj profesionalno kot oni. B: Ja, mislim, da veliko učiteljev ni zelo profesionalnih",veliko učiteljev je zelo profesionalnih,contradiction,235
"A: Ja, mislim, da je to tisto, kar marsikoga poslabša, je nekdo namesto smrtne kazni dobil dosmrtno zaporno kazni in se po petih letih ali šestih letih spet znajde na ulici ali kot otrok na nocojšnjih novicah ven v Mesquite, ki je bil zunaj čez šest mesecev .. B: A-ha. Ja, samo naš kriminalni sistem je, tako mislim, preobremenjen, vendar težava ni toliko v zaporniškem sistemu, saj veste, mislim, ker policaji tam zunaj opravljajo svoje delo in izvajajo zakone, pa tudi zapor samo, veste, poskušajo se spoprijeti z njimi, toda veste, stvar v zvezi s smrtno kaznijo, vem, veliko ljudi ne misli, da bi to odvračalo, uh, prihodnji zločin ,",smrtna kazen bi bila odvračilna za prihodnja kazniva dejanja,contradiction,236
"O: Ali veste, zdi se, da to ne bo bistveno spremenilo. B: Aha. Mislim, ne vem, mislim, da George Bush ne bo osrečil Američanov s sedemindevetdesetimi centi na teden.",George Bush bo Američane osrečeval s sedemindevetdesetimi centi na teden,contradiction,237
"B: No, nikoli me ni bilo zaradi obsodbe. Uh, končno sem bil empaneled za en primer, uh, za moj naslednji dan, in, uh, prišli smo v, uh, sobo žirije, da bi, uh, odločili o primeru, v poroti pa je bil en tip, ki je vsem sporočil, da mu ni treba premišljevati, ker se je že odločil, da tip, uh, ni kriv in da nikoli ne bo glasoval za krivdo. O: Huh. B: Torej, uh, imenovali so me za poroto in jaz, uh, nisem mislil, da nam je vstop brez razprave dovolil, da dosežemo sodbo,","vstop brez razprave jim je omogočil, da so razsodili",contradiction,238
"B: In rezervoarji so prišli in veste, precej poskrbeli za to. O: Točno tako. B: In, A: Ja, uh, to, osebno ne vidim, da je Gorbačov morda grožnja, in mislim, da v resnici poskuša nekaj spremeniti. B: Aha. O: Ampak ne verjamem, da mu bo v tem prvem podajanju, saj je prvi, ki je stvari resnično obrnil ali poskusil, tudi to dovoljeno uiti.","Gorbačovu bo dovoljeno, da se reši nekaj sprememb",contradiction,239
"Robert Erwin, predsednik Biosourcea, je pristop rastlinske genetike označil za &quot;zanimiv&quot; in &quot;nov&quot; ter &quot;komplementarni in ne konkurenčni.&quot; &quot;Tam je velik trg, ki je lačen hibridnih semen,&quot; rekel. G. Robinson iz Delta &amp; Pine, pridelovalca semen v Scott, Miss Miss, je dejal, da uspeh Plant Genetic pri ustvarjanju gensko spremenjenih moških steril ne pomeni samodejno, da bi bilo enostavno ustvariti hibride v vseh pridelkih.",preprosto bi bilo ustvariti hibride v vseh pridelkih,contradiction,240
"Njegovi odvetniki trdijo, da so ga FBI in newyorška policija postavili v okvir kampanje za uničenje črnoosvobodilnega gibanja iz šestdesetih let. Ker takrat zvezni zakon o svobodi informacij ni bil zakon, FBI ni moral predati informacij o svojih preiskavah, ko se je gospod Ferguson v šestdesetih letih pritožil na svojo obsodbo. Toda na zveznem sodišču na Manhattnu je sodnik Patterson dejal, da lahko evidence FBI dokazujejo, da je bila aretacija Fergusona posledica dvomljivih pravnih praks.",Aretacija gospoda Fergusona je bila posledica dvomljivih pravnih praks,entailment,241
"Trend nižjih najemnin se morda zdi presenetljiv, saj nekatere občine v New Yorku obsojajo izgubo priljubljenih lokalnih podjetij zaradi visokih najemnin. Toda kljub nedavnemu mehčanju je pri mnogih od teh trgovcev še vedno prišlo do prevelikega skoka najemnin ob koncu sedemdesetih let, ko so bili podpisani najemi. Seveda nedavni padec cen še ne pomeni, da je Manhattan poceni.",Manhattan je poceni,contradiction,242
"Južnokorejska vlada danes podpisuje protokol o vzpostavitvi formalnih diplomatskih odnosov s Poljsko. Podpisujeta tudi trgovinski sporazum. Južnokorejski vladni uradniki so dejali, da ne pričakujejo, da bi Seul lahko posojal denar Varšavi, lahko pa &quot;ponudi izkušnje&quot;.",Seul lahko posodi denar Varšavi,contradiction,243
"Ko najdete &quot;dobre novice&quot; v Berkeleyjevem novem načrtu za vstop na brucošnico (uvodnik &quot;Privilegirani razred&quot;, 20. september), berete naslov, ne pa tudi zgodbe. Načrt dejansko poveča s 40% na 50% število prosilcev za bruce, ki jih sprejmejo izključno po akademskih merilih. Toda to ne pomeni, da bo na ta način sprejeta &quot;polovica študentov, ki obiskujejo Berkeley&quot;.","polovica študentov, ki obiskujejo Berkeley, bo sprejeta na ta način",contradiction,244
"GM je potrdil, da je prejel ameriško protimonopolno potrditev, da bi okrepil svoj delež. Podjetje Sansui Electric se je strinjalo, da bo prodalo 51-odstotni delež britanski Polly Peck za 110 milijonov dolarjev. Kljub temu analitiki pravijo, da dogovor ne pomeni, da se Japonska odpira za več tujih prevzemov.",Japonska se odpira več tujim prevzemom,contradiction,245
"Torej, kdo ve? V generaciji ali dveh bo neka nova množica dosegla resnično uglednost, ki jo bo kasneje izpodrinila kasnejša jata brezvestnih grabežljivcev. Ali pa bo Wall Street, ko bo dovolj pretrpel, spoznal, da so finance storitvena panoga, in spremenil svoj etos.",finance so storitvena panoga,entailment,246
"Richard Breeden ni opazil, da ima nova pisalna miza samo štiri telefonske linije in en telefon.",Nova miza Richarda Breedna je imela le štiri telefonske linije in en telefon,entailment,247
"Mestni odbor za financiranje kampanj je gospodu Dinkinsu zavrnil plačilo 95.142 ameriških dolarjev ustreznih sredstev, ker je njegova evidenca kampanje nepopolna. Kampanja je za težave pri poročanju krivila računalniške napake. In, pravi gospod Dinkins, ni vedel, da je bil človek, ki ga je njegova kampanja plačala za nastop na volitvah, obsojen zaradi ugrabitve.","človek, ki ga je gospod Dinkins plačal za nastop na volitvah, je bil obsojen zaradi ugrabitve",entailment,248
"V skladu z zakonom RICO pod vplivom reketirancev in koruptivnih organizacij (RICO) je vlada pristojna, da si prizadeva zamrzniti ali zaseči premoženje obdolženca pred sojenjem. Po mnenju posameznikov, ki so seznanjeni s primerom gospoda Antarja, so tožilci ta teden izdali opozorilo, potem ko je eden od odvetnikov gospoda Antarja vprašal, ali bi lahko sodne takse zasegli. V pismu so tožilci odvetnikom g. Antarja povedali, da lahko zaradi nedavnih sodb vrhovnega sodišča pričakujejo, da bodo morebitni honorarji, zbrani od g.","morebitne pristojbine, pobrane od g. Antarja, se lahko zasežejo",entailment,249
