idx,label,passage,question
0,True,"Perzijski jezik – Perzijščina (/ˈpɜːrʒən, -ʃən/), poznana tudi zendonimom  farsi (فارسی fārsi (fɒːɾˈsiː) (poslušajte)) je eden izmed zahodnih iranskih jezikov indoiranske veje indoevropske jezikovne družine. Jezik govorijo predvsem v Iranu, Afganistanu (od leta 1958 uradno znan kot dari) in Tadžikistanu (od sovjetskega obdobja uradno znan kot tadžiki) ter nekaterih drugih regijah, ki so bile v preteklosti perzijske družbe in del Velikega Irana. Napisana je v perzijski abecedi, spremenjeni različici arabske pisave, ki se je razvila iz aramejske abecede.",Ali v Iranu in Afganistanu govorijo isti jezik?
2,True,"Windows Movie Maker – Windows Movie Maker (v operacijskem sistemu Windows 7 znan kot Windows Live Movie Maker) je ukinjena Microsoftova programska oprema za urejanje videoposnetkov. Je del zbirke programske opreme Windows Essentials in ponuja možnost ustvarjanja in urejanja videoposnetkov ter njihovo objavo na spletnih mestih OneDrive, Facebook, Vimeo, YouTube in Flickr.",Ali je Windows Movie Maker del zbirke programske opreme Windows Essentials?
3,True,"Sladkor v prahu – Sladkor v prahu, imenovan tudi slaščičarski sladkor, sladkorna glazura in sladkorni obliv, je fino zmlet sladkor, proizveden z mletjem kristalnega sladkorja v prah. Običajno vsebuje majhno količino sredstva proti strjevanju, da se prepreči nastajanje grudic in izboljša tekočnost. Čeprav je najpogosteje proizveden v tovarni, lahko sladkor v prahu dobimo tudi z obdelavo navadnega kristalnega sladkorja v mlinčku za kavo ali z ročnim drobljenjem v možnarju.",Ali je slaščičarski sladkor ista stvar kot sladkor v prahu?
4,False,"The Elder Scrolls Online – Tako kot druge igre iz serije The Elder Scrolls, se tudi igra Elder Scrolls Online odvija na celini Tamriel. Dogodki v igri se odvijajo tisočletje pred dogodki v igri The Elder Scrolls V: Skyrim in približno 800 let pred dogodki v igri The Elder Scrolls III: Morrowind in The Elder Scrolls IV: Oblivion. Ima približno podobno strukturo kot Skyrim, hkrati pa se istočasno odvijata dva ločena konflikta; pri enem je na kocki usoda sveta, pri drugem pa je glavna nagrada vrhovna moč v Tamrielu. V igri Elder Scrolls Online se najprej spopadete z daedriškim princem Molagom Baluom, ki poskuša območje Mundusa združiti s svojim kraljestvom Coldharbour, naslednja naloga pa je, da zavzamete prost cesarski prestol, za katerega se bojujejo tri zavezništva smrtnih ras. Lik igralca je bil žrtvovan Molagu Balu, ki mu je ukradel dušo, zato je povrnitev duše glavni cilj igre.",Ali je igra Elder Scrolls Online ista stvar kot Skyrim?
6,False,"Da Vincijevi demoni – Serija je bila prvič predvajana 12. aprila 2013 v Združenih državah na televizijski mreži Starz, druga sezona serije pa je bila premierno predvajanja 22. marca 2014. Izšla je tudi tretja sezona serije, ki je bila prvič predvajana 24. oktobra 2015. 23. julija 2015 je televizijska mreža Starz napovedala, da bo tretja sezona tudi poslednja. Vendar pa je Goyer pustil odprte možnosti, da se vrne kot miniserija.",Ali bo izšla 4. sezona serije Da Vincijevi demoni?
8,True,"Pismo za gospo Bixby – V vojnem filmu Reševanje vojaka Ryana iz leta 1998 general George Marshall (igra ga Harve Presnell) svojim častnikom prebere pismo za gospo Bixby, preden izda ukaz, naj poiščejo in pošljejo domov vojaka Jamesa Francisa Ryana po tem, ko so njegovi trije bratje umrli v bitki.",Ali je pismo v filmu Reševanje vojaka Ryana napisal Abraham Lincoln?
9,True,"Batman in Robin (film) – Ker je bil film Batman za vedno junija 1995 velik uspeh, je podjetje Warner Bros. takoj naročilo nadaljevanje. Najeli so režiserja Joela Schumacherja in scenarista Akivo Goldsmana, da bi naslednjega avgusta ponovno prevzela svoje naloge, in se odločili pospešiti produkcijo, da bi film izšel junija 1997, kar je odmik od običajne triletne prekinitve med filmi. Schumacher je želel počastiti tako kičast slog televizijskih serij iz šestdesetih let prejšnjega stoletja kot tudi delo Dicka Spranga. Zgodbo filma Batman in Robin sta si zamislila Schumacher in Goldsman med predprodukcijo filma Čas za ubijanje. Del ozadja zgodbe gospoda Freeza temelji na epizodi '’Heart of Ice'’ serije Batman: The Animated Series, ki jo je napisal Paul Dini.",Ali je film Batman in Robin nadaljevanje filma Batman za vedno?
10,False,"Jazbec – Jazbeci so kratkonogi vsejedi iz družine Mustelidae (kune), kamor spadajo tudi vidre, dihurji, podlasice in rosomahi. Spadajo v podred psom podobnih zveri mesojedih sesalcev. 11 vrst jazbecev je razvrščenih v tri poddružine: Melinae (evrazijski jazbec), Mellivorinae (medarski jazbec) in Taxideinae (ameriški jazbec). Azijski smrdljivi jazbeci iz rodu Mydaus so bili prej vključeni v poddružino Melinae (in zatodružino kun, Mustelidae), vendar so nedavni genetski dokazi pokazali, da pravzaprav spadajo v družino skunkov in jih zato uvrščamo v taksonomsko družino Mephitidae.",Ali je rosomah ista žival kot jazbec?
11,False,"Zelena svetilka (film) – Film Zelena svetilka je izšel 17. junija 2011 in je na splošno požel negativne kritike; večina je film kritizirala zaradi scenarija, nedoslednega značaja, izbire in upodobitve zlobnežev ter uporabe računalniške izdelave slik, nekateri pa so pohvalili igro Ryana Reynoldsa.. Reynolds je pozneje izrazil svoje nezadovoljstvo nad filmom. Film ni dosegel pričakovane obiskanosti v kinematografih in je zaslužil 219 milijonov ameriških dolarjev,  produkcijski proračun pa je zanašal 200 milijonov ameriških dolarjev. Zaradi negativnega sprejema filma in slabih prihodkov od prodaje vstopnic je podjetje Warner Bros. odpovedalo vse načrte za nadaljevanje in so se odločili za ponovno oživitev lika v eni izmed zgodb namišljenega sveta DC Extended Universe s filmom Green Lantern Corps, ki naj bi izšel leta 2020..",Ali bo izšel drugi del filma Zelena svetilka?
13,True,Kalcijev karbid – Kalcijev karbid je kemična spojina s kemijsko formulo CaC. Za industrijske namene se največ uporablja pri proizvodnji acetilena in kalcijevega cianamida.,Ali je kalcijev karbid CaC2 surovina za proizvodnjo acetilena?
14,True,"Mojstri iluzij (serija filmov) – Mojstri iluzij je serija trilerjev o ropih, ki so jo napisali Ed Solomon, Boaz Yakin in Edward Ricourt. Osredotočajo se na dejanja ekipe iluzionistov po imenu ""Štirje jezdeci"", ki izvajajo skoraj nemogoče rope. V filmih med drugim igrajo Jesse Eisenberg, Mark Ruffalo, Woody Harrelson, Isla Fisher, Dave Francp, Michael Cain, Lizzy Caplan in Morgan Freeman. Prvi film je izšel leta 2013, medtem ko je drugi izšel leta 2016, tretji film pa je trenutno v fazi nastajanja in ga nameravajo izdati leta 2019. Serija je prejela mešane ocene kritikov in občinstva ter po vsem svetu zaslužila skoraj 700 milijonov ameriških dolarjev.",Ali prihaja tretji del filmske serije Mojstri iluzij?
15,False,"Enajstmetrovke (nogometna zveza) – Za statistične namene se enajstmetrovke običajno ločuje od tekme, ki poteka pred njimi. V primeru dveh tekem se obe tekmi še vedno štejeta bodisi kot dva neodločena rezultata bodisi kot ena zmaga in en poraz; v primeru ene tekme pa se ta konča z neodločenim izidom. To je v nasprotju s tekmo, dobljeno v podaljšku, kjer je rezultat ob koncu rednega dela zanemarjen. Zadete enajstmetrovke ne štejejo za gole, ki jih je igralec dosegel za namene svojih osebnih rekordov ali točkovanju za ""zlati čevelj"".",Ali zadete enajstmetrovke štejejo za točkovaje za zlati čevelj?
16,False,"Cutthroat Kitchen – Cutthroat Kitchen je kuharska oddaja, ki jo vodi Alton Brown in so jo na televizijski mreži Food Network predvajali od 11. avgusta 2013 do 19. julija 2017. V njej nastopajo štirje kuharji, ki tekmujejo v izločilnem kuharskem tekmovanju v treh krogih. Tekmovalci sodelujejo na dražbah, na katerih lahko kupijo priložnosti za medsebojno sabotažo. Vsak kuhar na začetku oddaje prejme 25.000 ameriških dolarjev, zadnji tekmovalec, ki ostane v oddaji, pa obdrži ves denar, ki ga ni porabil na dražbah. Oddaja se je končala julija 2017 s petnajsto sezono. Serija je v nekaterih osnovnih elementih podobna drugim tekmovanjem na izpadanje s štirimi kuharji v treh krogih televizijske mreže Food Network, vključno s serijama Chopped in Guy's Grocery Games. V omenjenih oddajah so se pomerili tudi številni tekmovalci oddaje Cutthroat Kitchen.",Ali bo izšla nova sezona oddaje Cutthroat Kitchen?
18,True,"Polvilini – V izmišljenem svetu Srednjega sveta J.R.R. Tolkiena so Polvilini (Sindarin singular Peredhel, plural Peredhil, Quenya singular Perelda) otroci Vilinov in Ljudi. Med njimi so bili najpomembnejši otroci med Eldarji (vilini, ki so odšli v Valinor) in Ljudmi (Možje treh rodbin zgodnjih mož, ki so se povezali z Eldarji v njihovi vojni proti Morgothu).",Ali se lahko v svetu Gospodarja prstanov Ljudje parijo z Vilini?
19,True,"The Boy in the Plastic Bubble – The Boy in the Plastic Bubble je ameriški televizijski dramski film iz leta 1976, ki sta ga navdahnili življenjski zgodbi Davida Vetterja in Teda DeVita, ki sta trpela za slabim imunskim sistemom. V njem igrajo John Travolta, Glynnis O'Connor, Diana Hyland, Robert Reed, Ralph Bellamy in P.J. Soles. Filmje napisal Douglas Day Stewart, izvršno sta ga producirala Aaron Spelling in Leonard Goldberg (ki je takrat produciral  film Starsky in Hutch ter serijo Čarlijevi angelčki), režiral pa ga je Randal Kleiser, ki je kmalu zatem spet sodeloval s Travolto v filmu Briljantina. Izvirno glasbo je sestavil Mark Snow. Tematsko pesem ""What Would They Say"" je napisal in odpel Paul Williams. Film so posneli na srednji šoli Williama Howarda Tafta v soseski Woodland Hills.",Ali film The Boy in the Plastic Bubble temelji na resnični zgodbi?
20,True,"A priori in a posteriori – Ta dva izraza se uporablja v povezavi s sklepanjem (epistemologija) za razlikovanje med ''potrebnimi zaključki iz prvotnih predpostavk'' (tj. kaj mora priti pred čutnim zaznavanjem) in ''zaključki, ki temeljijo na čutnem zaznavanju'’ (ki mu mora slediti). Tako lahko razjasnimo dve vrsti znanja, utemeljitev ali argumentacijo:","Ali se znanost začne s predpostavko, da je treba znanje najprej pridobiti z opazovanjem?"
22,True,"Pitje alkohola na javnih mestih – Na Danskem je pitje alkohola na javnih mestih v splošnem zakonito. Zakon prepoveduje ""kršenje javnega reda in miru"". Torej je splošna uporaba sprejemljiva. Več kavarn nudi tudi zunanjo strežbo na istih površinah.",Ali je na Danskem dovoljeno pitje alkohola na javnih mestih?
25,True,"Seznam streljanj enajstmetrovk na Svetovnem prvenstvu FIFA -- To je seznam vseh streljanj enajstmetrovk, ki so se zgodile v finalu turnirjev Svetovnega prvenstva FIFA. Streljanje enajstmetrovk je bilo uvedeno za določitev zmagovalca v primeru izenačenja na Svetovnem prvenstvu leta 1978, a se do leta 1982 ni nikoli zgodilo. Naslov prvaka Svetovnega prvenstva je bil s streljanjem enajstmetrovk prvič dosežen leta 1994. To se je zgodilo samo še leta 2006. Do konca leta 2018 je na Svetovnem prvenstvu potekalo 30 streljanj enajstmetrovk. Od teh sta le dve dosegli stopnjo »sudden death« (angleško za takojšnja smrt), ko sta bili ekipi po končanih ""petih strelih"" še vedno izenačeni.",Ali se na Svetovnem prvenstvu izvaja streljanje enajstmetrovk?
26,True,"Kingdom (manga) – Kingdom (キングダム, Kingudamu) je japonska serija mang, ki jo je napisal in ilustriral Yasuhisa Hara (原泰久, Hara Yasuhisa). Manga orisuje izmišljeno obdobje bojujočih se držav in jih primarno predstavlja skozi oči vojne sirote Xina in njegovih tovarišev, ko se bori za to, da bi postal najpomembnejši general pod soncem in s tem prvič v zgodovini združil Kitajsko. Serijo mang je produkcijska hiša Pierrot razvila v anime serijo z 38 epizodami, ki so se predvajale od 4. junija 2012 do 25. februarja 2013. Napovedana je bila druga sezona, ki je bila predvajana od 8. junija 2013 do 1. marca 2014. Anime različico v angleškem jeziku je licenciralo podjetje Funimation.",Ali manga Kingdom temelji na resnični zgodbi?
27,True,"Evropski gospodarski prostor – Od leta 2014 so pogodbenice EGP-ja 3 od 4 držav članic Efte in 27 od 28 držav članic EU. 28. in najnovejša članica EU, Hrvaška, je novembra 2013 končala pogajanja o pristopu k EGP, od 12. aprila 2014 pa začasno uporablja sporazum, dokler ga ne ratificirajo vse države članice EGP-ja.",Ali je Hrvaška del Evropskega gospodarskega prostora?
28,True,"Poroka po smrti – Poroka po smrti (ali nekrogamija) je zakonska zveza, v kateri je eden od udeležencev že umrl. V Franciji je takšna oblika poroke zakonita, podobni obredi pa se izvajajo v Sudanu in na Kitajskem. Od prve svetovne vojne naprej je v Franciji vsako leto na stotine prošenj, od katerih so bile številne odobrene.",Ali se v Franciji lahkoporočiš z umrlo osebo?
29,False,"Fiziološka raztopina (medicina) – Fiziološka raztopina, znana tudi kot solna raztopina, je mešanica natrijevega klorida v vodi in se v medicini uporablja v številne namene. Če se jo nanese na prizadeto mesto, se uporablja za čiščenje ran, odstranjevanje kontaktnih leč, in pomaga pri suhih očeh. Z injiciranjem v veno se uporablja za zdravljenje dehidracije, na primer zaradi gastroenteritisa in diabetične ketoacidoze. Uporablja se tudi za redčenje drugih zdravil, ki se uporabljajo intravenozno.",Ali je fiziološka raztopina ista stvar kot natrijev klorid?
30,True,"Bubonska kuga – Pri zdravljenju bubonske kuge je učinkovitih več vrst antibiotikov. Mednje spadajo aminoglikozidi, kot so streptomicin in gentamicin, tetraciklini (zlasti doksiciklin) in fluorokinolon ciprofloksacin. Smrtnost pri zdravljenih primerih bubonske kuge, je približno 1–15 %, v primerjavi s smrtnostjo pri nezdravljenih primerih, ki je  40–60 %.",Ali obstaja zdravljenje za bubonsko kugo?
31,True,"Joyce Summers – Premisa serije je, da je Buffy najnovejša izganjalka, mlada ženska, ki jo mistične sile obdarijoz nadčloveškimi močmi, da se bori in premaguje vampirje, demone in druge zlobne sile v izmišljenem mestu Sunnydale. Kot vsaka izganjalka pred njo je bila tudi sama pri 15 letih izbrana in obveščena o svoji usodi. Njena mama se ne zaveda hčerinih moči in odgovornosti, dokler Buffy ob koncu druge sezone televizijske serije ni prisiljena v to, da ji vse razkrije. Čeprav je Joyce nad tem razkritjem šokirana, si hitro opomore in ostaja v oporo Buffy in njenemu ozkemu krogu prijateljev, ki ji pomagajo in se imenujejo Scooby Gang. Sčasoma je Joyce sposobna sprejeti Buffyjin nevarni boj z demoni in celo postane ponosna in spoštljiva do sposobnosti svoje hčere. Njena naravna smrt zaradi bolezni v peti sezoni Buffy prisili, da se sooči s tem, da mora odrasti.","Ali Buffyjina mama ve, da je hčerka izganjalka?"
32,False,"Poševni stolp v Pisi – Stolp se je začel nagibati med gradnjo v 12. stoletju zaradi neprimernih temeljev na tleh, ki so na eni strani premehka in ne omogočajo primerne podpore glede na težo konstrukcije. Nagib se je v desetletjih, preden so konstrukcijo v 14. stoletju dokončali, vedno večal. Postopoma se je nagib še povečeval, dokler strukture niso stabilizirali (in nagiba delno popravil) v poznem 20. in začetku 21. stoletja.",Ali je bil poševni stolp v Pisi zgrajen poševno?
33,False,"Ni vse zlato, kar se sveti (film iz leta 2008) – Ni vse zlato, kar se sveti je ameriški pustolovsko-romantični film podjetja Warner Bros. Picures iz leta 2008. Zgodba govori o paru, ki se je pred kratkim ločil, in ob iskanju izgubljenega zaklada ponovno oživlja svoje romantično življenje. V filmu, ki ga je režiral Andy Tennant, ponovno vidimozvezdnika filma Kako se znebiti fanta v 10 dneh, Matthewa McConaugheyja in Kate Hudson.","Ali film Ni vse zlato, kar se sveti temelji na resnični zgodbi?"
35,True,"Ustava zvezne države (Avstralija) – V Avstraliji ima vsaka zvezna država svojo ustavo. Pred sprejetjem ustave Avstralije je imela vsaka zvezna država svojo ustavo, ki je veljala za ustavo tedaj ločenih britanskih kolonij, vendar so vse države kot del federacije leta 1901 pristojnosti odstopile avstralskemu parlamentu.",Ali ima vsaka avstralska zvezna država svojo ustavo?
36,True,"Kračni blok – Kračni blok je mogoče diagnosticirati, ko trajanje kompleksa QRS na EKG preseže 120 ms. Desnokračni blok običajno povzroči podaljšanje zadnjega dela kompleksa QRS in lahko električno os srca premakne nekoliko v desno. Na EKG bo prikazan terminalni val R v odvodu V1 in nejasen val S v odvodu I. Levokračni blok razširi celoten QRS in v večini primerov električno os srca premakne v levo. EKG bo pokazal kompleks QS ali rS v odvodu V1 in monofazni val R v odvodu I. Druga običajna ugotovitev glede kračnega bloka je ustrezna neskladnost valov T. Z drugimi besedami, val T se odkloni nasproti končnega odklona kompleksa QRS. Kračni blok, zlasti levokračni blok, lahko privede do srčne disinhronije. Sočasna pojavitev levo- in desnokračnega bloka vodi do nastanka celotnega bloka AV.",Ali ima človek lahko desno- in levokračni blok?
37,False,"Šah – V neformalnih igrah se ""šah"" običajno napove pri potezi, ki nasprotnikovega kralja postavi v šah. Na uradnih tekmovanjih pa se šah le redko napove.",Ali moramo pri šahu vedno reči šah?
38,False,"Avstralski govedar – Pasma texas heeler je križanec med avstralskim govedarjem in avstralskim ovčarjem, ki ga je fundacija Animal Research Foundation (ARF) prvič registrirala leta 1970. Fundacija ARF je avstralske govedarje brez dokumentov od leta 1965 registrirala kot ""australian cattledog queensland heelers"" in je bila prva organizacija, ki je priznala pasmo avstralski ovčar. Čeprav je bil prvotno vzrejen zaradi svoje sposobnosti za pašo živine, se pasmo texas heeler vse bolj uporablja kot hišnega ljubljenčka in za tekme v pasjih športih. Kot pri večini križancev je tudi velikost in videz psa pasme texas heeler odvisna od pasme staršev.",Ali je avstralski ovčar ista pasma kot avstralski govedar?
39,False,"Paradižnikov pire – Paradižnikov pire je gosta tekočina, ki nastane pri kuhanju in precejanju paradižnikov. Paradižnikov koncentrat, paradižnikov pire in paradižnikova mezga se razlikujejo po konsistenci; paradižnikov pire je gostejši in izrazitejšega okusa kot mezga.",Ali je paradižnikov pire ista stvar kot paradižnikova mezga?
40,False,"Brata Blues – Brata Blues je ameriška glasbena skupina, ki se zavzema za oživljanje bluesa in soula in sta jo leta 1978 v okviru glasbenega skeča v oddaji Saturday Night Live ustanovila komedijanta Dan Aykroyd in John Belushi. Belushi in Aykroyd sta bila frontmana skupine; Belushi v vlogi vodilnega vokalista ''Jolieta'’ Jaka Bluesa, Aykroyd pa je nastopil kot Elwood Blues in je bil pevec ter igral orglice. Skupino so sestavljali znani in cenjeni glasbeniki, kot glasbeni gostje pa so prvič nastopili 22. aprila 1978 v epizodi oddaje Saturday Night Live, kjer so začeli oddajo s skladbo  »Hey Bartender«, kasneje pa so zaigrali še skladbo »Soul Man«.",Ali komedija Brata Blues temelji na resnični zgodbi?
44,True,"Zahvalni dan (Združene države Amerike) – Zahvalni dan je državni praznik, ki ga v ZDA praznujejo na četrti četrtek v novembru. Praznik izvira iz praznika žetve. Zahvalni dan se na državni ravni praznuje od leta 1789, potem ko je kongres zahteval, da ga kot takšnega razglasi George Washington. Kot zvezni praznik se praznuje že od leta 1863, ko je med ameriško državljansko vojno predsednik Abraham Lincoln razglasil državni dan ""zahvale in hvale našemu dobrotljivemu Očetu, ki živi v nebesih"", ki se praznuje na zadnji četrtek v novembru. Zahvalni dan je skupaj z božičem in novim letom del širšega obdobja jesensko-zimske praznične sezone v ZDA.",Ali se zahvalni dan vedno praznuje na zadnji četrtek v mesecu?
45,True,"Gospodar prstanov – Gospodar prstanov je epski fantazijski roman, ki ga je napisal angleški avtor in učenjak J. R. R. Tolkien. Zgodba se je začela kot nadaljevanje Tolkienovega fantastičnega romana Hobit iz leta 1937, vendar se je sčasoma razvila v veliko večje delo. Roman Gospodar prstanov, postopno napisan med letoma 1937 in 1949, je eden najbolje prodajanih romanov vseh časov z več kot 150 milijoni prodanih izvodov.",Ali je bil roman Gospodar prstanov napisan za Hobitom?
46,False,"Padli angel (film iz leta 2016) – Decembra 2014 je bilo naznanjeno, da je Trpljenje, drugi del knjižne serije Padli angel, v nastajanju. Ni znano, ali bodo posneli film tudi po zadnjih dveh romanih Strast in Ekstaza ter romanu Unforgiven, ki je izpeljanka.. Leta 2017 je producent Kevan Van Thompson oboževalce vprašal, ali želijo, da po knjigi ""Trpljenje"" posnamejo film, kar kaže na to, da bi nadaljevanje še lahko nastalo.",Ali bo sledilo nadaljevanje filma Padli angel?
47,False,"Seznam Instagram računov z največ sledilci – Seznam vsebuje 50 najpriljubljenejših računov z največ sledilci na Instagramu, družabni platformi za deljenje fotografij. Od oktobra 2018 je uporabnik z največ sledilci sam Instagramov račun z več kot 260 milijoni sledilcev. Cristiano Ronaldo si prisluži naziv posameznika z največ sledilci, saj jih ima več kot 144 milijonov. Na spletnem mestu je dvanajst računov preseglo 100 milijonov sledilcev.",Ali ima kdo na Instagramu 1 milijardo sledilcev?
48,True,"Padmé Amidala – George Lucas, Rick McCallum in direktor kastinga Robin Gurland so za vlogo Padmé Amidala opravili avdicijo z več kot 200 igralkami. Za glogo so izbrali 16-letno igralko Natalie Portman. Produkcija Grozeče prikazni naj bi ""vloga zahtevala mlado žensko, ki bi bila prepričljiva v vlogi vladarke tistega planeta, a bi bila hkrati ranljiva in odprta"". Natalie Portman je Lucasa navdušila z igranjem v filmih Léon (Léon: The Professional) (1994) in Čedna dekleta (1996). Izjavil je: ""Iskal sem nekoga, ki je mlad in močan, podoben Leii. Natalie je poosebljala vse te lastnosti in še več.""",Ali je v  filmu Grozeča prikazen Padmé kraljica?
49,True,"Gospodar prstanov – Gospodar prstanov je epski fantazijski roman izpod peresa angleškega avtorja in učenjaka J.R.R. Tolkiena. Zgodba se je začela kot nadaljevanje Tolkienovega fantastičnega romana Hobit iz leta 1937, vendar se je sčasoma razvila v veliko večje delo. Roman Gospodar prstanov, postopno napisan med leti 1937 in 1949, je eden najbolje prodajanih romanov vseh časov z več kot 150 milijoni prodanih izvodov.",Ali je bil roman Gospodar prstanov velja za epsko delo?
50,True,"Znak evra – Znak evra (€) je valutni znak, ki se uporablja za evro, uradno valuto evroobmočja v Evropski uniji (EU). Zasnovo je Evropska komisija javnosti predstavila 12. decembra 1996. Mednarodna tričrkovna koda (po ISO-standardu ISO 4217) za evro je EUR. V Unicodu je kodiran z znakom evra U+20AC € (HTML &#8364; &euro; ). V angleščini je znak zapisan pred vrednostjo (na primer €10, in ne 10 €, za razliko od večine evropskih jezikov). V nekaterih slogovnih vodnikih, a ne v vseh, se pred znakom za evro ne zapisuje presledka.",Ali se znak evra zapisuje pred številko?
51,True,"Indukcijsko kuhanje – Pri skoraj vseh modelih indukcijskih kuhalnih plošč mora biti posoda za kuhanje izdelana ali pa vsebovati železne kovine, kot je lito železo ali nerjavno jeklo. Železo v loncu koncentrira tok, da v kovini proizvaja toploto. Če je kovina pretanka ali če ni dovolj uporna na tok, ogrevanje ni učinkovito. Večina indukcijskih plošč ne segreva bakrenih ali aluminijastih posod, ker magnetno polje ne more ustvariti koncentriranega toka, zato indukcijske plošče, primerne za vse kovine, za premagovanje tega učinkauporabljajo veliko višje frekvence. Kljub vsemu pa lahko za kuhanje uporabljate raznovrstno posodo, če jo postavite na ustrezen kovinski disk, ki deluje kot konvekcijska kuhalna plošča.",Ali se lahko na indukcijski kuhalni plošči uporablja nerjavno jeklo?
53,True,"Nepozorna slepota – V študiji iz leta 2015 so Cary Stothart, Walter Boot in Daniel Simons poskušali ponoviti in razširiti ugotovitve iz študije Grahama in Burka iz leta 2011 ter študije Stevena Mosta in sodelavcev iz leta 2000 na spletnem mestu Amazon Mechanical Turk na vzorcu 515 udeležencev različnih starosti. V tej študiji so morali udeleženci prešteti, kolikokrat so beli premikajoči se predmeti prečkali navpično središčno točko zaslona, pri čemer so zanemarili število črnih premikajočih se predmetov. Nepričakovani predmet v tem primeru je bil siv križ, ki se je po zaslonu na različnih razdaljah od navpične središčne točke (to je bilo manipulirano med udeleženci) premikal vodoravno. Ugotovili so, da se dovzetnost za nenamerno slepoto s starostjo povečuje, kar ponavlja ugotovitve Grahama in Burka. Pravzaprav so ugotovili, da se z vsakimi 10 leti življenjske dobe verjetnost za pojavitev nenamerne slepote za 1,3-krat poveča. Ugotovili so tudi, da se verjetnost nenamerne slepote povečuje, ko se razdalja med središčem pozornosti opazovalca in nepričakovanim predmetom poveča, kar ponavlja ugotovitve Mosta in sodelavcev. Prav tako so ugotovili, da se vpliv starosti na nenamerno slepoto ne spreminja v odvisnosti od oddaljenosti nepričakovanega predmeta od središča pozornosti, kar kaže na to, da koristno vidno polje ne narekuje povezave med starostjo in pojavitvijo nepozorne slepote.",Ali starost kakor koli vpliva na pozornost ali nepozorno slepoto?
54,False,"Sanskrt – Sanskrt spada v indoevropsko družino jezikov. Je eden od treh starodavnih dokumentiranih jezikov, ki so verjetno nastali iz skupnega prajezika, ki ga danes imenujemo  praindoevropski jezik:",Ali je bil sanskrt prvi jezik na svetu?
55,True,"Jack russell terier – Jack russell terier je majhen terier, ki so ga včasih uporabljali za lov na lisice. Dlaka je običajno bele barve in gladka, groba ali mešana, vendar je lahko kakršne koli barve.",Ali je jack russell terier majhna pasma?
56,False,"Air Force One – Vojno letalstvo ZDA običajno ne odreja spremstva lovskih letal predsedniškim letalom, ki letijo čez Združene države, vendar pa je do tega že prišlo, na primer v času napada na Svetovni trgovinski center.",Ali Air Force One potuje s spremstvom lovskih letal?
58,True,"The Star-Spangled Banner – ''The Star-Spangled Banner'' je uradna himna Združenih držav Amerike. Besedilo izvira iz pesmi ""Defense of Fort M’Henry"", ki jo je 14. septembra 1814 napisal takrat 35-letni odvetnik in ljubiteljski pesnik Francis Scott Key, potem ko je bil priča bombardiranju utrdbe McHenry z britanskimi ladjami kraljeve mornarice v pristanišču Baltimore med bitko za Baltimore leta 1812. Keyja je navdihnila velika ameriška zastava s 15 zvezdicami in 15 črtami, znana kot Star-Spangled Banner, ki je med ameriško zmago zmagoslavno plahutala nad utrdbo.",Ali je ameriška himna in Star-Spangled Banner ista stvar?
59,True,"Mednarodno letališče Neapelj – Mednarodno letališče Neapelj (IATA:  NAP, ICAO LIRN) (italijansko: Aeroporto Internazionale di Napoli) je mednarodno letališče v Neaplju v Italiji. Nahaja se 3,2 NM (5,9 km; 3,7 mi) severovzhodno od mesta v neapeljski četrti Capodichino. Letališče ima dve zgradbi terminalov: terminal 1 je namenjen za redne lete, terminal 2, ki je odmaknjen od letalskih stez, pa se uporablja za čarterske polete.",Ali je v Neaplju mednarodno letališče?
61,True,"Homologni kromosomi -- Par homolognih kromosomov je par enega materinega in enega očetovega kromosoma, ki se ob mejozi združita drug z drugim v celici. Homologni kromosomi imajo iste gene v istih lokusih, kjer s točkami na vsakem kromosomu omogočajo, da se par kromosomov pravilno poravna, preden se med mejozo loči. To je osnova za dedovanje po Mendelovih zakonih, ki zaznamuje vzorce dedovanja genetskega materiala enega organizma svojim potomcem z delitvijo starševske celice v danem času in področju.",Ali homologni kromosomi nosijo informacije za iste značilnosti?
63,True,"Pravilo natakarja -- Pravilo natakarja se nanaša na splošno prepričanje, da je človekov pravi značaj mogoče prepoznati iz tega, kako se vede do osebja ali delavcev v storitvenih dejavnostih, denimo do »natakarja«.  To je eno izmed pravil, ki jih je William H. Swanson zapisal v svoji knjigi 33 Unwritten Rules of Management (33 nenapisanih pravil vodenja), kjer je kopiral različico Dava Barryja: »Če je nekdo prijazen do vas, do natakarja pa nesramen, ni dober človek.«","Veliko izveš o človeku, ko vidiš, kako se obnaša do natakarja."
65,True,"Lex Luthor (Smallville) -- V sedmi sezoni serije vidimo, kako se Lex prepusti temni strani; Lex in Grant Gabriel (Michael Cassidy), novi urednik pri Daily Planetu, sta si kot brata, dokler ni razkrito, da je Grant pravzaprav klon Lexovega pokojnega brata. Ko Lex kupi Daily Planet, želi Grant Lexu preprečiti, da bi bil tako oblasten, zato Lex naroči umor bratovega klona in ga prikaže kot nesrečo ob ropu. Lex nato odkrije, da so prejšnji simboli povezani s skrivno organizacijo Veritas, katere član je tudi njegov oče. Člani organizacije Veritas so izvedeli, da bo v Smalllville z meteorskim dežjem leta 1989 prišel nezemeljski obiskovalec, znan kot »Popotnik«. Takrat Lex ugotovi, da Lionel prikriva Popotnikov obstoj in posledično ubije svojega lastnega očeta. Sčasoma odkrije, da so člani organizacije Veritas vedeli, s čim lahko nadzirajo Popotnika, zato se Lex odloči, da bo našel to napravo. Lex na polički nad kaminom v Luthorjevi graščini najde napravo, kroglo, ki ga popelje do Trdnjave samote, kjer se z njim sooči Clark. Ko končno odkrije Clarkovo skrivnost, Lex s kroglo zruši Trdnjavo samote, ki ju s Clarkom obkroža.","Ali Lex Luthor ve, kdo je Superman v Smallvillu?"
67,True,"Iron Fist (2. sezona) -- Druga sezona ameriške spletne televizijske serije Iron Fist, ki temelji na istoimenskem liku iz stripa izdajatelja stripov Marvel Comics, govori o Dannyju Randu/Iron Fistu, mojstru borilnih veščin. Dogaja se v Marvelovem filmskem univerzumu (MCU) in je povezana z drugimi filmi in serijami te franšize. Sezono producira podjetje Marvel Television v sodelovanju z ABC Studios, kreativni vodja pa je Raven Metzner.",Ali bo druga sezona Marvelove serije Iron Fist?
73,True,"Neprebojno steklo -- Neprebojno steklo je steklo ali nadomestek stekla, ki ni tako krhko kot steklo - navadno se ta izraz ne uporablja za nekaj, kar je popolnoma neprebojno.",Ali obstaja neprebojno steklo?
74,True,"Tekoči lateks -- Ko se lateks suši, postane zelo lepljiv in se sprime, če ga nenamerno prepognemo. Večina proizvajalcev ponuja pršilo za lateks, ko je ta enkrat suh, da postane manj lepljiv, in s tem omogoči modelu premikanje udov. Po posušenem lateksu lahko potresemo lesketajoči puder in s tem ustvarimo kovinski učinek. Ena od prednosti lepljivosti tekočega lateksa je, da ga lahko uporabimo kot lepilno sredstvo, da na barvo pritrdimo stvari, na primer zadrge.",Ali se lahko tekoči lateks uporablja kot lepilo?
78,True,"Portoriko -- Portoriko (tudi Puerto Rico) (v španščini »bogato pristanišče«), z uradnim nazivom Svobodna pridružena država Portoriko (v španščini Estado Libre Asociado de Puerto Rico, dobesedno »Svobodna pridružena država Portoriko«), ki je bil kratek čas poimenovan Porto Rico, je nevključeni teritorij Združenih držav Amerike in se nahaja v severovzhodnem Karibskem morju.",Ali Portoriko spada pod Združene države?
80,True,"Seznam igralcev z največ goli v igri nogometa -- Trenutni svetovni rekorder v mednarodnem nogometu je Archie Thompson, ki je zadel 13 golov proti Ameriški Samoi, ko je na kvalifikacijah na svetovnem pokalu FIFA leta 2002 Avstralija zmagala z 31 : 0.  Na tej isti tekmi je David Zdrilic zadel 8 golov.",Ali je kdo zadel več kot 6 golov na eni tekmi?
81,True,"Pasji mladički -- Pasji mladički se skotijo s popolnoma delujočim vohom, ne morejo pa odpreti oči. V prvih dveh tednih se čuti mladičev razvijejo zelo hitro. V tej fazi psički nos uporabljajo kot primarno čutilo, da najdejo materine seske in druge pse iz istega legla, če se ločijo in niso predaleč. Psički odprejo oči približno devet do enajst dni po skotitvi. Najprej so njihove mrežnice slabo razvite in slabo vidijo. Pasji mladički ne vidijo tako dobro kot odrasli psi. Poleg tega začnejo njihova ušesa delovati približno trinajst do sedemnajst dni po skotitvi, takrat pa se tudi bolj aktivno odzivajo na zvoke. Ko dosežejo dva do štiri tedne, začnejo psički navadno renčati, gristi, mahati z repki in lajati.","Ali pasji mladički vidijo takoj, ko odprejo oči?"
86,False,"Pšenična moka -- Poznamo tri glavne vrste moke, ki se razlikujejo glede na to, iz katerega dela zrna so narejene -- endosperm vsebuje veliko beljakovin in škroba, kalček je bogat z beljakovinami/maščobo/vitamini, otrobi pa so polni vlaknin. Bela moka je narejena samo iz endosperma. Rjava moka vsebuje nekaj kalčkov in otrobov zrna, polnozrnata moka pa je narejena iz celotnega zrna, torej iz otrobov, endosperma in kalčkov. Kalčna moka je narejena iz endospema in kalčka brez otrobov.",Ali sta pšenična moka in bela moka ista stvar?
87,True,"Ostani z menoj (film) -- Po vrsti nesreč in samorazodetij fantje najdejo truplo. A tamkajšnji razbojnik »Ace« Merrill in njegova tolpa, v kateri je tudi Chrisov starejši brat »Eyeball« Chambers, pridejo, da bi si prilastili truplo in zasluge za odkritje trupla. Chris tega ne dopusti, Ace izvleče žepni nož, da bi ga ubil, vendar se vmeša Gordie s pištolo, ki jo je ukradel Chris. Ace in njegova tolpa odidejo in Ace napove maščevanje.",Ali najdejo truplo v filmu Ostani z menoj?
88,False,"Stoletna vojna -- Zaradi nekaj velikih zmag Anglije v vojni -- posebno v Crécyju, Poitiersu in Agincourtu -- se je obetala končna angleška zmaga, kar je Angleže prepričalo v to, da so še desetletja v vojno vlagali denar in vojaško osebje. Vendar pa je imela francoska monarhija več sredstev, kar je angleškim kraljem preprečilo, da bi kdaj dokončno osvojili Francijo. Leta 1429 se je z odločilnimi francoskimi zmagami v Orléansu, Patayu, Formignyju in Castillonu vojna končala v prid rodbine Valois, s čimer je Anglija na celini za stalno izgubila večino svojih posesti.",Ali so Angleži zmagali v stoletni vojni?
91,True,"Postaja 19 -- Postaja 19 je ameriška akcijsko-dramska serija, ki jo je za ABC ustvarila Stacy McKee. Izvršni producenti serije, ki je že druga izpeljanka serije Talenti v belem, so Stacy McKee, Shonda Rhimes, Betsy Beers in Paris Barclay Serija, ki se odvija v Seattlu, prikazuje življenja moških in žensk na seattelski gasilski postaji 19. Serijo producirata podjetji Shondaland in ABC studios, McKee pa je glavna kreativna vodja.",Ali je Postaja 19 izpeljanka Talentov v belem?
92,True,"Razhudnikovke -- Razhudnikovke (znanstveno ime Solanaceae) so gospodarsko pomembna družina kritosemenk. V družino spadajo razne rastline od enoletnih do trajnih zelišč, ovijalk, lian, epifitov, grmovnic in dreves, vključno z mnogimi pomembnimi poljščinami, zdravilnimi rastlinami, začimbami, plevelom in okrasnimi rastlinami. Mnogo rastlin iz družine vsebuje močne alkaloide, nekateri so zelo strupeni, vendar pa se jih mnogo, vključno s paradižnikom, krompirjem, jajčevcem, papriko, čiliji in tobakom, vsesplošno uporablja. Družina spada v red Solanales, v skupino asterid in razred Magnoliopsica (dvokaličnice). Med razhudnikovke spada okoli 98 rodov in približno 2700 vrst, ki se med seboj zelo razlikujejo glede na habitat, morfologijo in ekologijo.",Ali paradižnik spada med razhudnikovke?
94,False,"Maček v klobuku -- Zgodba se začne, ko dekle po imenu Sally in njen brat, ki je v knjigi pripovedovalec, nekega hladnega deževnega dne sama sedita doma in otožno strmita skozi okno. Naenkrat slišita glasen ropot, kmalu pa se prikaže Maček v klobuku, velik človeku podoben maček z rdeče-belim črtastim klobukom in rdečim metuljčkom. Maček se ponudi, da bi otroka zabaval s triki, ki jih pozna. Ribica, ki jo imata otroka kot hišnega ljubljenčka, temu nasprotuje in vztraja, naj Maček odide. Maček pa se odzove tako, da postavi ribo na konico svojega dežnika in jo poskuša držati v ravnotežju. Igra se še dodatno zaplete, ko Maček poskusi obdržati ravnotežje na žogi in na svojih okončinah uravnotežiti mnogo predmetov iz gospodinjstva, dokler ne pade na glavo in izpusti vse, kar je držal. Riba ga ponovno posvari, vendar Maček v klobuku le predlaga drugo igro.",Ali ima Maček v klobuku ime?
95,True,"Rudy Ruettiger -- Daniel Eugene »Rudy« Ruettiger (rojen 23. avgusta 1948) je motivacijski govornik, ki je igral ameriški nogomet na Univerzi Notre Dame. Njegovo zgodnje življenje in kariera pri Notre Damu sta bila navdih za film Rudy iz leta 1993.",Ali film Rudy temelji na resnični zgodbi?
98,True,"Posovjetske države -- Posovjetske države, ki so skupaj znane kot nekdanja Sovjetska zveza ali nekdanje sovjetske republike, so države, ki so nastale ali ponovno nastale iz Zveze sovjetskih socialističnih republik ob njenem razpadu leta 1991, Rusija pa je bila mednarodno priznana kot država naslednica Sovjetske zveze po hladni vojni. Baltske države so prve razglasile svojo neodvisnost od Rusije med marcem in majem 1990 ter zahtevale kontinuiteto izvirnih držav, ki so obstajale pred priključitvijo Sovjetski zvezi leta 1940. Nato se je odcepilo še preostalih 12 republik. 12 od 15 držav, brez baltskih držav, se je najprej združilo v Skupnost neodvisnih držav (CIS), večina se jih je pridružila Organizaciji pogodbe o kolektivni varnosti (CSTO), baltske države pa so se usmerile v članstvo v Evropski uniji in Natu.",Ali se je nekdanja Sovjetska zveza razdelila na več držav?
103,False,"Denaturacija (biokemija) -- Denaturacija je proces, v katerem beljakovine ali nukleinske kisline izgubijo kvartarno strukturo, terciarno strukturo in sekundarno strukturo, ki jo imajo v nativni konformaciji, zaradi dodajanja stresa iz okolja ali dodajanja spojin, kot so močne kisline ali baze, koncentrirane anorganske soli, organskega topila (npr. alkohol ali kloroform), sevanja ali toplote. Če so denaturirane beljakovine v živi celici, to moti celično aktivnost in lahko vodi v celično smrt. Denaturacija beljakovin je tudi posledica celične smrti. Denaturirane beljakovine imajo lahko širok razpon značilnosti, od konformacijskih sprememb in izgube topnosti do agregiranja zaradi izpostavljenosti hidrofobnih skupin.  Denaturirane beljakovine izgubijo svojo 3D-strukturo in zato ne morejo delovati.",Ali lahko denaturirane beljakovine še vedno delujejo?
104,False,"Gora med nama (film) -- Gora med nama je ameriška drama iz leta 2017, ki jo je režiral Hany Abu Asad, napisala pa sta jo Chris Weitz in J. Mills Goodloe. Temelji na istoimenskem romanu iz leta 2011, ki ga je napisal Charles Martin. V glavnih vlogah vidimo Idrisa Elbo in Kate Winslet kot kirurga in novinarko, ki preživita letalsko nesrečo in sta skupaj s psom ujeta v divjini ameriškega gorstva High Uintas, poškodovana in v težkih vremenskih razmerah. Film je bil prvič predvajan 9. septembra 2017 na Mednarodnem filmskem festivalu v Torontu 2017, v kinematografe pa je v Združenih državah prišel 6. oktobra 2017, ko ga je izdalo podjetje 20th Century Fox.",Ali film Gora med nama temelji na resničnih dogodkih?
115,False,"Popaj -- V Disneyjevem in Touchstonovem filmu Kdo je potunkal Rogerja Zajca iz leta 1988 je nastopilo mnogo klasičnih risanih likov, nekateri kritiki pa so opazili, da v njem ni Popaja. Za Popaja (skupaj z Brutusom in Olivo) pa je bila dejansko predvidena vloga v filmu. A ker risanke o Popaju temeljijo na stripu, je Disney ugotovil, da morajo plačati licenčnino tako podjetju King Features Syndicate kot tudi podjetju MGM/UA. Zbirko podjetja MGM/UA izpred maja 1986 (v kateri je bil tudi Popaj) je takrat ravno kupovalo podjetje Turner Entertainment, kar je povzročilo nekaj pravnih komplikacij. Pravic ni bilo mogoče pridobiti in Popajeva vloga v filmu je odpadla.",Ali je Popaj Disneyjev lik?
116,True,"Seznam nagrad in nominacij, ki jih je prejel Tom Hanks -- Igralec in filmski ustvarjalec Tom Hanks je prejel mnogo nagrad in nominacij, vključno z dvema zaporednima oskarjema za filma Philadelphia (1993) in Forrest Gump (1994). Tom Hanks je dobil skupno 50 nagrad s tega seznama.",Ali je Tom Hanks kdaj dobil oskarja?
122,False,"Anafilaksija -- Anafilaksija je resna alergijska reakcija, ki nastopi hitro in lahko povzroči smrt. Navadno povzroči več naslednji simptomov: srbeč izpuščaj, zatekanje grla ali jezika, težko dihanje, bruhanje, vrtoglavico in nizek krvni tlak. Ti simptomi navadno nastopijo v nekaj minutah do nekaj urah.","Ali drži ali ne drži, da anafilaksija navadno prizadene samo kožo in oči?"
126,True,"Bojte se živih mrtvecev -- Bojte se živih mrtvecev je ameriška postapokaliptična grozljiva televizijska serija, ki sta jo ustvarila Robert Kirkman in Dave Erickson, premierno pa je bila predvajana 23. avgusta 2015 na programu AMC. Gre za sestrsko serijo in predzgodbo filma Živi mrtveci, ki temelji na istoimenski seriji stripov, ki so jo ustvarili Rober Kirkman, Tony Moore in Charlie Adlard.",Ali se Bojte se živih mrtvecev dogaja pred Živimi mrtveci?
131,False,"Let nad kukavičjim gnezdom (roman) -- Let nad kukavičjim gnezdom (1962) je roman, ki ga je napisal Ken Kesey. Pripoved se dogaja v psihiatrični bolnišnici v Oregonu in služi kot študija o institucionalnih procesih in človeškem umu, hkrati pa je tudi kritika behaviorizma in poklon individualističnim načelom. Dale Wasserman jo je leta 1963 priredil v broadwaysko (in kasneje off-broadwaysko) predstavo Let na kukavičjim gnezdom. Bo Goldman je leta 1975 roman priredil v film, ki ga je režiral Miloš Forman in je dobil pet oskarjev.",Ali Let nad kukavičjim gnezdom temelji na resnični zgodbi?
135,True,"Atenska demokracija -- Isti posameznik ni mogel biti dvakrat izžreban za opravljanje iste funkcije. Edina izjema je bila bule ali svet petstotih. V tem primeru je zaradi demografskih potreb posameznik lahko služil dvakrat v življenju. Ta princip je veljal tudi za tajnike in podtajnike, ki so služili kot pomočniki magistratom, kot so arhonti. Atenci se s tem niso želeli zavarovati pred nesposobnostjo, pač pa posameznikom preprečiti, da bi položaj izkoristili za kopičenje moči, ki so jo imeli.",Tekom življenja je lahko atenski državljan služil svetu petstotih
140,False,"Dunkirk (film iz leta 2017) -- Režiser Christopher Nolan je film zasnoval v sredini 90. let, ko sta s takrat bodočo ženo Emmo Thomas jadrala čez Rokavski preliv, kjer sta šla po poteh mnogih čolničev po evakuaciji v Dunkirku. Nolan je razmišljal o tem, da bi improviziral cel film, namesto da bi napisal scenarij, a ga je Emma Thomas prepričala v nasprotno. Leta 2015 je Nolan napisal 76 strani dolg scenarij, ki je približno pol krajši od njegovih običajnih scenarijev, in je do danes njegov najkrajši scenarij. Zaradi natančnega strukturiranja scenarija so se morali v zgodbi pojaviti izmišljeni liki, in ne liki, ki bi temeljili na pričah.",Ali film Dunkirk temelji na knjigi?
146,True,"Vodikov klorid -- Spojina vodikov klorid ima kemijsko formulo HCl in je vodikov halogenid. Na sobni temperaturi je brezbarven plin, ki ki ob stiku z vodno paro v atmosferi tvori belo paro klorovodikove kisline. Plin vodikov klorid in klorovodikova kislina sta pomembna na področju tehnologije in industrije. Klorovodikova kislina, vodna raztopina vodikovega klorida, ima pogosto tudi formulo HCl.",Ali bi bil vodikov klorid na sobni temperaturi plin?
393,False,"Mogočni Joe Young (film iz leta 1998) -- Mogočni Joe Young je pustolovski film, ki temelji na istoimenskem filmu iz leta 1949. Ta govori o ogromni gorski gorili, ki jo mlada ženska, ki jo je vzgojila, in zoolog pripeljeta v rezervat za divje živali v Los Angelesu, da bi jo zaščitila pred krivolovci, dokler se eden izmed njih ne odloči, da bo gorilo našel in se ji maščeval. Film je režiral Ron Underwood, v njem pa igrajo Bill Paxton, Chalize Teron ter John Alexander v preobleki v vlogi naslovnega lika. V tej različici je opica veliko večja kot v izvirniku. Film je zaslužil 50,6 milijona ameriških dolarjev v Združenih državah Amerike, produkcijski proračun pa je bil 90 milijonov ameriških dolarjev.",Ali film Mogočni Joe Young temelji na resnični zgodbi?
406,False,"Sedem (film iz leta 1995) -- Glavni navdih za scenarij filma je bil čas, ki ga je Andrew Kevin Walker preživel v New Yorku, ko je želel postati scenarist. »V New Yorku mi ni bilo všeč, drži pa, da verjetno ne bi napisal Sedem, če ne bi živel tam.« V vlogi detektiva Somerset si je zamislil igralca Williama Hurta, lik pa je poimenoval po svojem najljubšem avtorju, W. Somersetu Maughamu.",Ali film Sedem temelji na knjigi?
441,True,"Will Gardner -- Je Alicijin stari prijatelj, v pilotni epizodi ji pomaga dobiti službo pri družbi, ves čas se trudi, da ne bi izpadlo, kot da jo favorizira. To je še bolj zapleteno, ker drug do drugega nekaj čutita. Will in Alicia imata razmerje, ki se začne na koncu druge sezone. V tretji sezoni se razideta, ko izgine Alicijina hči in se Alicia odloči, da se mora bolj posvečati svojim otrokom. On je v seriji prikazan kot ženskar in je imel več afer in deklet. Will je v dobrem delovnem odnosu z Diane Lockhart, ki je njegova poslovna partnerica in soupraviteljica družbe, in skupaj pametno vodita posel tudi v težkih časih. Will redno igra amatersko košarko z drugimi odvetniki in sodniki, s katerimi se spoprijatelji, njihova prijateljstva pa se sčasoma preuči. V tretji sezoni je Will suspendiran in zaradi starega škandala s podkupnino pol leta ne sme delati kot odvetnik, a se v četrti sezoni ponovno vrne na delo pri družbi. V peti sezoni Alicia in Cary po dolgem načrtovanju zapustita družbo Lockhart in Gardner, da ustanovita svojo družbo, Will pa to izdajstvo vzame osebno. V 15. epizodi pete sezone ga v sodni dvorani ustreli njegova stranka Jeffrey Grant (igra ga Hunter Parrish), strel pa je zanj usoden.",Ali Will Gardner umre v Dobri ženi?
442,True,"Akvagena urtikarija -- Akvagena urtikarija, znana tudi kot alergija na vodo, je redko diagnosticirana oblike fizikalne urtikarije. Glavni simptom je srbečica kože, ki se pojavi zaradi stika z vodo, ne glede na njeno temperaturo. Včasih se jo opisuje kot alergijo, čeprav ni prava alergijska reakcija, pri kateri se sprošča histamin, kakor pri drugih oblika urtikarije. Kaže, da nanjo ne vpliva različna temperatura vode, denimo mrzla ali vroča, prav tako ne vplivajo kemikalije, kot so fluor ali klor, saj se pojavi tudi ob stiku z destilirano vodo ali fiziološko raztopino.",Ali obstaja alergija na vodo?
443,True,"Petdeset odtenkov svobode -- Petdeset odtenkov svobode je tretji in zadnji del v erotično-romantični trilogiji Petdeset odtenkov britanske avtorice E. L. James. Ko Anastasia Steele v filmu Petdeset odtenkov teme sprejme snubitev podjetnika in generalnega direktorja Christiana Greya, se mora privaditi na zakonsko življenje in na bogat način življenja ter oblastno naravo svojega novega moža. Žepna izdaja knjige je prvič izšla aprila 2012.",Ali obstaja 50 odtenkov sive 3?
449,False,"Lovorjev list -- Nekatere rastline iz družine lovorovk in tudi nesorodne, vendar po videzu podobni kalmija in lovorikovec, imajo liste, ki so strupeni za ljudi in živino. Teh rastlin se nikjer ne prodaja za kulinariko, a ker so na videz podobni lovorjevim listom, je prišlo do prepričanja, da je treba lovorjev list po kuhanju odstraniti, ker je strupen. To ne drži; lovorjevi list so varni za uživanje brez stranskih učinkov. A tudi po temeljitem kuhanju ostanejo neprijetno trdi in bi zaužitje celega lovorjevega lista ali večjih kosov lahko povzročilo tveganje za poškodbe prebavil ali davljenje. Obstajajo primeri predrtja črevesa zaradi zaužitja lovorjevega lista, zato bi bilo treba lovorjeve liste pred serviranjem hrane odstraniti, če v receptu niso zmleti, v nasprotnem primeru ostaja tveganje za nujni kirurški poseg.  Zato večina receptov, kjer se uporablja lovorjeve liste, priporoča, da se jih po kuhanju odstrani.",Ali se za kuhanje lahko uporablja liste vseh lovorjevih dreves?
453,False,"Otok Man -- Otok Man (angl. the Isle of Man, v manščini: Ellan Vannin ('?lj?n 'van?n); v angleščini znan tudi kot preprosto Mann (/man/ ali v manščini Mannin  ('man?n)) je pridruženo območje Britanske krone z notranjo samoupravo v Irskem morju med otokoma Velika Britanija in Irska. Vodja ozemlja je kraljica Elizabeta II., ki ima naziv Lord of Mann, njen predstavnik pa je namestnik guvernerja. Za obrambo skrbi Združeno kraljestvo.",Ali je Otok Man del Združenega kraljestva?
455,True,"Labirint (serija filmov) -- Prvi film, Labirint, je izšel 19. septembra 2014 in doživel velik uspeh ter je zaslužil več kot 348 milijonov ameriških dolarjev po svetu. Drugi film, Labirint: Pogorišče, ki je izšel 18. septembra 2015, je bil prav tako zelo uspešen in je po svetu prinesel več kot 312 milijonov ameriških dolarjev. Serija filmov se je zaključila s tretjim filmom, Labirint: Zaton, ki je izšel 26. januarja 2018.",Ali bo imel film Labirint nadaljevanje?
462,True,"Simbiotske bakterije -- Simbiotske bakterije so bakterije, ki živijo v simbiozi z drugim organizmom ali med seboj. Denimo bakterija Zoamastogopera, ki se nahaja v želodcih termitov, jim omogočijo, da prebavijo celulozo.",Ali so mikrobi lahko v simbiozi z drugimi mikrobi?
477,True,Šah-mat -- Z dvema tekačema in s pomočjo kralja ni težko izvesti šah-mata. Pri tem je treba upoštevati dve načeli:,Ali lahko narediš šah-mat z dvema tekačema in kraljem?
487,True,"Magične živali: Grindelwaldova hudodelstva -- Magične živali Grindelwaldova hudodelstva je prihajajoča fantazijska drama, ki jo je produciralo podjetje Heyday Films in distribuiralo podjetje Warner Bros. Pictures. Gre za britansko-ameriško koprodukcijo in je nadaljevanje filma Magične živali (2016). To bo drugi film v seriji filmov Magične živali in skupno deseti film franšize Wizarding World (Čarovniški svet), ki se je začel s serijo filmov Harry Potter. Film je režiral David Yates, scenarij pa je napisala J. K. Rowling. V filmu igrajo Eddie Redmayne, Katherine Waterston, Dan Fogler, Alison Sudol, Ezra Miller, Johnny Depp, Jude Law, Zoë Kravitz, Callum Turner, Claudia Kim in Carmen Ejogo. Zgodba govori o Salamanderju Scamanderju in Albusu Dumbledorju, ki poskušata uničiti zlobnega čarovnika Gellerta Grindelwalda, medtem ko se soočata z novimi grožnjami v bolj razdvojenem čarovniškem svetu.",Ali ima film Magične živali nadaljevanje?
491,True,"Zvezda je rojena (film iz leta 2018) -- Ko je Bradley Cooper na festivalu Desert Trip videl nastopiti Lukasa Nelsona (sina pevca country glasbe Willieja Nelsona), je pristopil do njega in ga povabil, da bi pomagal pri filmu. Nelson je pristal in napisal več pesmi, ki jih je poslal producentom. Nelson je nato spoznal Lady Gago in skupaj sta začela pisati pesmi, ona pa je v zameno pela spremljevalne vokale na dveh pesmih na njegovem istoimenskem albumu iz leta 2017. Filmska glasba, ki sta jo posnela Lady Gaga in Bradley Cooper, je izšla 5. oktobra 2018, izdalo pa jo je podjetje Interscope Records. V studiu so naznanili, da je na albumu »19 skladb v najrazličnejših glasbenih stilih in 15 posnetkov dialogov, ki vas bodo popeljali na pot, ki je podobna doživetju ogleda filma«.",Ali je Bradley Cooper pel v filmu Zvezda je rojena?
495,True,"Tek -- Tek je način premikanja po zemlji, ki ljudem in drugim živalim omogoča hitro premikanje z nogami. Tek je način hoje, ki ga zaznamuje zračna faza, v kateri so vse noge nad tlemi (vendar pa obstajajo izjeme).  Po tem se razlikuje od hoje, pri kateri je ena noga vedno v stiku s tlemi, noge so večinoma iztegnjene, center težnosti pa se pomika od stojne noge ali nog v obliki obrnjenega nihala. Značilnost telesa v teku z vidika mehanike mase in vzmeti je, da se spremembe v kinetični in potencialni energiji v koraku zgodijo hkrati, k skladiščenju energije pa pripomorejo prožne tetive in pasivna elastičnost mišic. Pojem tek se lahko nanaša na vrsto hitrosti, od lahkega teka do šprinta.",Ali sta pri teku obe nogi v zraku?
498,True,"Mežikanje -- Nekatere živali, na primer želve in hrčki, mežikajo s posameznim očesom, neodvisno od drugega očesa. Ljudje uporabljajo pomežike oziroma mežikanje na eno oko za govorico s telesom.",Ali lahko mežikaš z enim očesom naenkrat?
505,False,"Zahodni Berlin -- 9. novembra 1989 je padel zid med obema deloma mesta, in dela sta bila ponovno fizično, a takrat še ne pravno gledano, združena. Obe nemški državi in štirje vojni zavezniki so podpisali Pogodbo dva plus štiri, ki je omogočila ponovno združitev Nemčije in konec okupacije Zahodnega Berlina s strani zahodnih zaveznikov. 3. oktobra 1990 -- na dan, ko je bila Nemčija uradno ponovno združena -- sta se Vzhodni in Zahodni Berlin formalno združila v mesto Berlin, ki se je nato pridružilo razširjeni Zvezni republiki kot mestna državica, podobno kot že obstoječi zahodnonemški mestni državici Bremen in Hamburg. Walter Momper, župan Zahodnega Berlina, je postal prvi župan ponovno združenega mesta.",Ali Vzhodni in Zahodni Berlin še obstajata?
516,True,"Sekvenca (glasba) -- Da prepoznamo sekvenco, sta potrebna vsaj dva primera sekvenčnega vzorca, vključno s prvotno pojavitvijo, vzorec pa naj bi temeljil na več tonih ali vsaj dveh sekvenčnih harmonijah (akordih). Čeprav se ta postopek sicer stereotipno povezuje z baročno glasbo, posebno z glasbo Antonia Vivaldija, se pravzaprav pogosto pojavlja v zgodovini zahodne glasbe.","Sekvenca se pojavi, ko je se ponovi vzorec tonov."
517,False,"Vanilijin sladkor -- Vanilijin sladkor je narejen iz sladkorja in strokov vanilije ali iz sladkorja, mešanega z izvlečkom vanilije.",Ali je vanilijin sladkor isto kot navadni sladkor?
545,True,"Kemično orožje v 1. svetovni vojni -- Strupene kemikalije se kot orožje uporabljajo že tisoče let, vendar pa se je kemično orožje v večjem obsegu prvič začelo uporabljati med 1. svetovno vojno. Uporabljalo se ga je zlasti za to, da bi demoralizirali, poškodovali in ubili borce v strelskih jarkih, proti katerim so bili oblaki plina zaradi počasnega premikanja in statične narave najbolj učinkoviti. Uporabljalo se je več vrst orožja, od kemikalij za oslabitev, denimo solzivec, do smrtonosnih sredstev, kot so fosgen, klor ali iperit. Kemično orožje je predstavljalo velik del prve svetovne vojne in prve totalne vojne v 20. stoletju. S plinom je bilo mogoče ubiti omejeno število ljudi, in sicer približno 90 tisoč smrtnih žrtev od skupno 1,3 milijona žrtev plinskega napada. Plin je bil drugačen od ostalih orožji v tem obdobju, saj je bilo mogoče razviti protiukrepe, denimo plinske maske. Kasneje v vojni je postala uporaba plina bolj razširjena, vendar pa je postal manj učinkovit. Zaradi razširjene uporabe kemičnega orožja in vojnega napredka v sestavi močnih eksplozivov se 1. svetovni vojni občasno reče »kemijska vojna« in obdobje, v katerem je nastalo orožje za množično uničevanje.",Ali se je v 1. svetovni vojni uporabljal živčni plin?
547,False,"Ruralus Hagrid -- Devetnajst let po padcu Mrlakensteina je Hagrid še vedno na Bradavičarki in povabi Albusa Severusa Potterja, drugega sina Harryja in Ginny Weasley, v svojo kočo na čaj, kot je nekoč povabil Harryja. V intervjuju leta 2007 je J. K. Rowling, ko so jo vprašali, ali se je Hagrid poročil, odgovorila, da je bil Hagrid v zvezi z velikanko, a se ni izšlo.",Ali Hagrid umre v bitki za Bradavičarko?
